YEAR,MO,DY,HR,solar,wind,home_consumption
2025,1,1,0,,1.49,2.55014
2025,1,1,1,,1.18,2.5234
2025,1,1,2,,0.93,2.58233
2025,1,1,3,,0.72,2.54167
2025,1,1,4,,0.75,2.47573
2025,1,1,5,,1.02,2.47623
2025,1,1,6,,1.35,2.4558
2025,1,1,7,,1.74,2.4472
2025,1,1,8,,2.15,2.44173
2025,1,1,9,,2.38,3.14613
2025,1,1,10,,2.44,2.66173
2025,1,1,11,,2.33,2.576
2025,1,1,12,,2.06,2.61587
2025,1,1,13,,1.56,2.1624
2025,1,1,14,,1.19,1.2944
2025,1,1,15,,1.0,1.90917
2025,1,1,16,,0.94,1.3901
2025,1,1,17,,1.14,1.63207
2025,1,1,18,,1.56,1.4619
2025,1,1,19,,2.13,0.7323
2025,1,1,20,,2.66,0.4123
2025,1,1,21,,3.03,0.43393
2025,1,1,22,,3.32,0.44373
2025,1,1,23,,3.54,0.44997
2025,1,2,0,,3.77,0.44643
2025,1,2,1,,4.09,0.43673
2025,1,2,2,,4.34,0.43157
2025,1,2,3,,4.49,0.46417
2025,1,2,4,,4.65,1.03997
2025,1,2,5,,4.82,0.7106
2025,1,2,6,,4.72,0.44697
2025,1,2,7,,5.79,0.41257
2025,1,2,8,,6.36,0.4544
2025,1,2,9,,6.88,0.41763
2025,1,2,10,,7.16,0.4459
2025,1,2,11,,7.08,0.43277
2025,1,2,12,,6.6,0.42597
2025,1,2,13,,5.0,0.459
2025,1,2,14,,3.89,0.43843
2025,1,2,15,,4.0,1.4381
2025,1,2,16,,4.21,1.45907
2025,1,2,17,,4.6,2.1362
2025,1,2,18,,5.11,1.97207
2025,1,2,19,,5.48,1.5183
2025,1,2,20,,5.64,2.57353
2025,1,2,21,,5.8,1.32143
2025,1,2,22,,6.01,0.52823
2025,1,2,23,,5.99,0.7439
2025,1,3,0,,5.98,1.12543
2025,1,3,1,,6.21,0.9007
2025,1,3,2,,6.7,0.30483
2025,1,3,3,,6.97,0.3333
2025,1,3,4,,6.87,0.29883
2025,1,3,5,,7.03,0.95163
2025,1,3,6,,7.96,0.33433
2025,1,3,7,,8.55,0.3017
2025,1,3,8,,9.22,0.3196
2025,1,3,9,,10.12,0.6025
2025,1,3,10,,10.44,0.87423
2025,1,3,11,,10.27,0.9764
2025,1,3,12,,9.74,1.39777
2025,1,3,13,,8.64,1.41993
2025,1,3,14,,7.61,1.09037
2025,1,3,15,,7.18,0.302
2025,1,3,16,,6.8,0.36767
2025,1,3,17,,6.63,0.28513
2025,1,3,18,,6.45,0.3612
2025,1,3,19,,6.42,0.289
2025,1,3,20,,6.42,0.32627
2025,1,3,21,,6.44,1.11543
2025,1,3,22,,6.5,0.95403
2025,1,3,23,,6.59,1.6686
2025,1,4,0,,6.94,3.37507
2025,1,4,1,,6.72,2.89673
2025,1,4,2,,6.35,2.38733
2025,1,4,3,,6.09,2.36203
2025,1,4,4,,5.75,2.37003
2025,1,4,5,,5.35,2.3452
2025,1,4,6,,4.52,2.35873
2025,1,4,7,,3.58,2.32623
2025,1,4,8,,4.79,2.4038
2025,1,4,9,,6.81,2.66707
2025,1,4,10,,7.02,1.89803
2025,1,4,11,,6.64,2.00633
2025,1,4,12,,6.53,4.06657
2025,1,4,13,,6.6,3.54507
2025,1,4,14,,6.62,2.0132
2025,1,4,15,,6.59,0.8793
2025,1,4,16,,6.31,3.2898
2025,1,4,17,,5.84,2.7413
2025,1,4,18,,5.53,2.6055
2025,1,4,19,,5.28,2.85407
2025,1,4,20,,5.14,1.49853
2025,1,4,21,,5.09,0.4788
2025,1,4,22,,5.06,0.41967
2025,1,4,23,,5.01,0.53513
2025,1,5,0,,4.96,1.96803
2025,1,5,1,,4.91,2.38683
2025,1,5,2,,4.81,2.39473
2025,1,5,3,,4.64,2.4157
2025,1,5,4,,4.47,2.39703
2025,1,5,5,,4.16,2.40737
2025,1,5,6,,3.64,2.3678
2025,1,5,7,,3.61,2.35153
2025,1,5,8,,3.55,2.31693
2025,1,5,9,,3.05,2.3642
2025,1,5,10,,2.79,2.65603
2025,1,5,11,,2.82,0.35583
2025,1,5,12,,2.9,0.3544
2025,1,5,13,,2.79,0.34177
2025,1,5,14,,2.56,0.37733
2025,1,5,15,,2.66,0.47783
2025,1,5,16,,2.43,0.8365
2025,1,5,17,,2.01,2.24073
2025,1,5,18,,1.53,2.3996
2025,1,5,19,,1.27,2.0389
2025,1,5,20,,1.43,2.9757
2025,1,5,21,,1.74,2.6744
2025,1,5,22,,1.92,2.3847
2025,1,5,23,,1.99,1.73883
2025,1,6,0,,2.03,1.49307
2025,1,6,1,,2.04,0.43347
2025,1,6,2,,2.05,0.33333
2025,1,6,3,,2.22,0.31287
2025,1,6,4,,2.64,0.30357
2025,1,6,5,,3.21,0.33527
2025,1,6,6,,3.56,0.29873
2025,1,6,7,,4.96,0.337
2025,1,6,8,,5.71,0.2954
2025,1,6,9,,5.99,0.62313
2025,1,6,10,,6.06,1.52557
2025,1,6,11,,5.97,2.5922
2025,1,6,12,,5.63,4.00293
2025,1,6,13,,4.85,1.89043
2025,1,6,14,,3.24,1.69957
2025,1,6,15,,2.92,1.1487
2025,1,6,16,,2.62,0.88127
2025,1,6,17,,2.62,0.89897
2025,1,6,18,,2.97,0.85553
2025,1,6,19,,3.46,1.83403
2025,1,6,20,,3.88,1.01513
2025,1,6,21,,4.33,1.01253
2025,1,6,22,,4.76,0.51167
2025,1,6,23,,5.07,0.50527
2025,1,7,0,,5.26,0.9032
2025,1,7,1,,5.47,0.29643
2025,1,7,2,,5.43,0.3524
2025,1,7,3,,5.34,0.29867
2025,1,7,4,,5.56,0.35587
2025,1,7,5,,5.75,0.28537
2025,1,7,6,,6.37,0.3383
2025,1,7,7,,7.19,0.31273
2025,1,7,8,,7.65,0.31003
2025,1,7,9,,8.62,0.3756
2025,1,7,10,,8.87,1.04143
2025,1,7,11,,8.51,1.06843
2025,1,7,12,,7.62,0.55157
2025,1,7,13,,6.45,3.33193
2025,1,7,14,,6.6,2.5331
2025,1,7,15,,6.76,3.77077
2025,1,7,16,,6.43,2.28077
2025,1,7,17,,6.5,2.40473
2025,1,7,18,,7.82,5.21153
2025,1,7,19,,7.8,2.91647
2025,1,7,20,,7.6,3.5232
2025,1,7,21,,7.41,4.73837
2025,1,7,22,,6.94,2.1289
2025,1,7,23,,7.19,1.46387
2025,1,8,0,,7.38,1.36047
2025,1,8,1,,7.29,1.35067
2025,1,8,2,,7.18,1.38483
2025,1,8,3,,7.27,1.3569
2025,1,8,4,,6.76,1.3759
2025,1,8,5,,6.72,1.10453
2025,1,8,6,,7.82,0.46813
2025,1,8,7,,7.32,1.01263
2025,1,8,8,,7.52,2.1395
2025,1,8,9,,7.89,1.66463
2025,1,8,10,,8.14,1.29663
2025,1,8,11,,8.09,1.1751
2025,1,8,12,,7.65,0.32893
2025,1,8,13,,6.46,0.6432
2025,1,8,14,,5.31,1.8509
2025,1,8,15,,5.31,1.8851
2025,1,8,16,,5.69,2.12243
2025,1,8,17,,5.94,1.8981
2025,1,8,18,,5.66,2.90797
2025,1,8,19,,5.15,2.79407
2025,1,8,20,,4.94,3.42503
2025,1,8,21,,4.85,2.50763
2025,1,8,22,,4.79,0.96997
2025,1,8,23,,4.79,0.33273
2025,1,9,0,,4.73,0.26983
2025,1,9,1,,4.68,0.31183
2025,1,9,2,,4.55,0.2874
2025,1,9,3,,4.52,0.46967
2025,1,9,4,,4.6,0.6612
2025,1,9,5,,4.66,0.2745
2025,1,9,6,,5.21,1.12347
2025,1,9,7,,5.43,2.38697
2025,1,9,8,,5.25,2.1356
2025,1,9,9,,5.61,1.86837
2025,1,9,10,,5.49,1.34923
2025,1,9,11,,5.09,0.93473
2025,1,9,12,,4.67,0.27693
2025,1,9,13,,3.76,0.30157
2025,1,9,14,,2.85,0.26667
2025,1,9,15,,3.05,0.56483
2025,1,9,16,,3.28,1.47133
2025,1,9,17,,3.56,2.10627
2025,1,9,18,,3.83,2.37307
2025,1,9,19,,4.01,2.28747
2025,1,9,20,,4.02,3.2106
2025,1,9,21,,3.96,3.29247
2025,1,9,22,,3.89,1.29127
2025,1,9,23,,3.86,1.63563
2025,1,10,0,,3.85,0.5179
2025,1,10,1,,3.96,0.6539
2025,1,10,2,,4.12,0.34037
2025,1,10,3,,4.21,0.26937
2025,1,10,4,,4.35,0.3469
2025,1,10,5,,4.41,0.26797
2025,1,10,6,,4.83,0.8976
2025,1,10,7,,5.45,2.3629
2025,1,10,8,,5.5,2.97293
2025,1,10,9,,5.84,1.99523
2025,1,10,10,,5.86,1.4271
2025,1,10,11,,5.75,3.97077
2025,1,10,12,,5.51,1.43077
2025,1,10,13,,4.58,0.55377
2025,1,10,14,,3.46,1.6954
2025,1,10,15,,3.62,1.29123
2025,1,10,16,,3.81,0.68353
2025,1,10,17,,4.03,1.8244
2025,1,10,18,,4.26,3.3644
2025,1,10,19,,4.55,3.19023
2025,1,10,20,,4.93,2.93393
2025,1,10,21,,4.92,1.6947
2025,1,10,22,,4.79,0.8519
2025,1,10,23,,4.5,0.37613
2025,1,11,0,,4.23,0.3365
2025,1,11,1,,4.0,0.2546
2025,1,11,2,,3.22,0.30867
2025,1,11,3,,2.01,0.89217
2025,1,11,4,,3.25,0.2705
2025,1,11,5,,5.58,0.2976
2025,1,11,6,,6.54,0.73637
2025,1,11,7,,6.6,2.70217
2025,1,11,8,,6.5,2.50527
2025,1,11,9,,6.48,1.3702
2025,1,11,10,,6.52,1.36973
2025,1,11,11,,6.6,1.15183
2025,1,11,12,,6.76,0.30033
2025,1,11,13,,7.08,0.3952
2025,1,11,14,,7.42,0.3272
2025,1,11,15,,7.49,0.54163
2025,1,11,16,,7.12,2.6132
2025,1,11,17,,6.59,3.23823
2025,1,11,18,,6.06,3.86913
2025,1,11,19,,5.79,4.7842
2025,1,11,20,,5.6,3.70627
2025,1,11,21,,5.36,2.88037
2025,1,11,22,,5.22,1.4481
2025,1,11,23,,5.18,1.2871
2025,1,12,0,,5.07,0.58543
2025,1,12,1,,4.99,0.31223
2025,1,12,2,,4.85,0.3024
2025,1,12,3,,4.85,0.32157
2025,1,12,4,,4.81,0.29303
2025,1,12,5,,4.73,0.81233
2025,1,12,6,,5.13,1.45143
2025,1,12,7,,5.42,2.8325
2025,1,12,8,,5.52,1.99393
2025,1,12,9,,5.83,1.3482
2025,1,12,10,,6.29,0.90683
2025,1,12,11,,6.88,0.28183
2025,1,12,12,,7.86,0.2946
2025,1,12,13,,8.59,0.25387
2025,1,12,14,,8.5,0.3349
2025,1,12,15,,8.37,0.26173
2025,1,12,16,,8.26,0.32067
2025,1,12,17,,7.95,0.5727
2025,1,12,18,,7.57,2.549
2025,1,12,19,,7.32,2.2349
2025,1,12,20,,7.19,2.29507
2025,1,12,21,,7.04,1.51273
2025,1,12,22,,6.92,1.48377
2025,1,12,23,,7.22,0.79927
2025,1,13,0,,7.73,0.8884
2025,1,13,1,,8.22,0.31673
2025,1,13,2,,8.54,0.25643
2025,1,13,3,,8.62,0.29787
2025,1,13,4,,8.85,0.289
2025,1,13,5,,8.91,0.2646
2025,1,13,6,,9.27,0.31517
2025,1,13,7,,9.31,1.79263
2025,1,13,8,,9.3,2.65553
2025,1,13,9,,9.4,1.7159
2025,1,13,10,,9.35,3.17003
2025,1,13,11,,9.53,3.56307
2025,1,13,12,,9.69,1.97017
2025,1,13,13,,9.96,1.6392
2025,1,13,14,,10.11,1.6297
2025,1,13,15,,9.99,2.07167
2025,1,13,16,,9.93,2.05763
2025,1,13,17,,10.03,2.79807
2025,1,13,18,,9.83,1.8881
2025,1,13,19,,9.55,3.1545
2025,1,13,20,,9.41,4.5121
2025,1,13,21,,9.66,4.98147
2025,1,13,22,,9.93,5.81427
2025,1,13,23,,9.86,5.07133
2025,1,14,0,,9.69,3.34057
2025,1,14,1,,9.67,2.916
2025,1,14,2,,9.54,2.87943
2025,1,14,3,,9.21,1.12173
2025,1,14,4,,9.01,1.13423
2025,1,14,5,,8.8,1.1941
2025,1,14,6,,8.82,1.5761
2025,1,14,7,,9.39,1.14107
2025,1,14,8,,9.75,1.31517
2025,1,14,9,,9.82,2.22603
2025,1,14,10,,9.88,1.73637
2025,1,14,11,,9.93,1.00857
2025,1,14,12,,10.04,0.7125
2025,1,14,13,,9.95,1.2987
2025,1,14,14,,9.52,1.82747
2025,1,14,15,,9.23,2.09707
2025,1,14,16,,9.15,3.4258
2025,1,14,17,,9.03,4.21113
2025,1,14,18,,8.96,3.59892
2025,1,14,19,,9.06,3.2915
2025,1,14,20,,9.13,3.1929
2025,1,14,21,,9.23,2.10763
2025,1,14,22,,9.56,1.46273
2025,1,14,23,,9.56,1.37453
2025,1,15,0,,9.45,1.3573
2025,1,15,1,,9.43,1.34173
2025,1,15,2,,9.37,0.462
2025,1,15,3,,9.32,0.28987
2025,1,15,4,,9.34,0.2916
2025,1,15,5,,9.16,0.244
2025,1,15,6,,9.1,0.30833
2025,1,15,7,,9.35,1.9449
2025,1,15,8,,9.36,2.59573
2025,1,15,9,,8.98,1.595
2025,1,15,10,,8.45,1.85527
2025,1,15,11,,8.12,1.37143
2025,1,15,12,,7.95,1.13103
2025,1,15,13,,7.67,0.6521
2025,1,15,14,,7.16,1.48413
2025,1,15,15,,7.08,1.62323
2025,1,15,16,,7.17,1.54233
2025,1,15,17,,7.11,1.79197
2025,1,15,18,,6.98,2.24783
2025,1,15,19,,6.89,2.97173
2025,1,15,20,,6.82,2.74257
2025,1,15,21,,6.45,1.6235
2025,1,15,22,,5.98,1.85723
2025,1,15,23,,5.63,2.48647
2025,1,16,0,,5.25,0.38737
2025,1,16,1,,4.99,0.29927
2025,1,16,2,,4.84,0.3085
2025,1,16,3,,4.99,0.29367
2025,1,16,4,,5.28,0.78377
2025,1,16,5,,5.52,0.40863
2025,1,16,6,,6.36,0.70077
2025,1,16,7,,7.15,2.48423
2025,1,16,8,,7.2,1.0849
2025,1,16,9,,6.98,0.8876
2025,1,16,10,,6.85,0.40047
2025,1,16,11,,6.97,0.64037
2025,1,16,12,,7.15,1.93467
2025,1,16,13,,7.17,0.94497
2025,1,16,14,,6.17,1.91687
2025,1,16,15,,5.47,0.89013
2025,1,16,16,,5.17,1.64897
2025,1,16,17,,4.94,2.8615
2025,1,16,18,,4.82,3.12617
2025,1,16,19,,4.74,1.9595
2025,1,16,20,,4.53,1.39683
2025,1,16,21,,4.24,1.40277
2025,1,16,22,,4.03,0.95477
2025,1,16,23,,4.01,0.39007
2025,1,17,0,,4.1,0.29933
2025,1,17,1,,4.21,0.24647
2025,1,17,2,,4.2,0.86007
2025,1,17,3,,4.21,0.2673
2025,1,17,4,,4.13,0.2867
2025,1,17,5,,3.55,0.2635
2025,1,17,6,,2.98,0.8768
2025,1,17,7,,3.43,2.2358
2025,1,17,8,,3.47,3.11993
2025,1,17,9,,3.32,3.22713
2025,1,17,10,,3.16,4.08577
2025,1,17,11,,3.09,2.4456
2025,1,17,12,,3.09,1.7472
2025,1,17,13,,3.11,1.4257
2025,1,17,14,,2.83,1.5297
2025,1,17,15,,3.04,3.87197
2025,1,17,16,,2.87,1.8885
2025,1,17,17,,2.52,3.06687
2025,1,17,18,,2.11,1.6687
2025,1,17,19,,1.82,2.60653
2025,1,17,20,,1.7,3.22083
2025,1,17,21,,1.75,3.54473
2025,1,17,22,,1.89,2.72067
2025,1,17,23,,1.99,1.95567
2025,1,18,0,,2.18,1.40167
2025,1,18,1,,2.55,1.12857
2025,1,18,2,,2.89,0.29913
2025,1,18,3,,3.05,0.28537
2025,1,18,4,,3.01,0.28593
2025,1,18,5,,2.81,0.27257
2025,1,18,6,,2.58,0.74733
2025,1,18,7,,2.52,2.62173
2025,1,18,8,,2.16,1.65827
2025,1,18,9,,2.18,1.32657
2025,1,18,10,,2.48,0.86613
2025,1,18,11,,2.69,0.27963
2025,1,18,12,,2.92,0.30503
2025,1,18,13,,3.19,0.5061
2025,1,18,14,,2.8,0.37203
2025,1,18,15,,3.01,0.61283
2025,1,18,16,,2.87,1.63307
2025,1,18,17,,2.42,2.15333
2025,1,18,18,,1.96,3.13347
2025,1,18,19,,1.56,2.793
2025,1,18,20,,1.29,2.96853
2025,1,18,21,,1.59,2.7788
2025,1,18,22,,2.21,1.40363
2025,1,18,23,,2.62,0.52497
2025,1,19,0,,2.64,0.30537
2025,1,19,1,,2.41,0.31633
2025,1,19,2,,2.14,0.30477
2025,1,19,3,,1.86,0.30857
2025,1,19,4,,1.66,0.31727
2025,1,19,5,,1.6,0.30043
2025,1,19,6,,1.7,0.80067
2025,1,19,7,,1.62,2.8391
2025,1,19,8,,1.19,2.12777
2025,1,19,9,,1.33,1.83297
2025,1,19,10,,1.83,1.14463
2025,1,19,11,,2.3,0.2579
2025,1,19,12,,2.78,0.3025
2025,1,19,13,,3.14,0.3826
2025,1,19,14,,2.79,0.42303
2025,1,19,15,,2.96,0.35867
2025,1,19,16,,2.99,1.03217
2025,1,19,17,,3.03,1.34047
2025,1,19,18,,3.16,0.73487
2025,1,19,19,,3.33,0.96077
2025,1,19,20,,3.36,1.54557
2025,1,19,21,,3.32,2.42263
2025,1,19,22,,3.29,2.49063
2025,1,19,23,,3.33,1.82433
2025,1,20,0,,3.43,1.7318
2025,1,20,1,,3.5,1.14927
2025,1,20,2,,3.59,1.0384
2025,1,20,3,,3.58,1.12033
2025,1,20,4,,3.48,1.02317
2025,1,20,5,,3.41,1.051
2025,1,20,6,,3.38,1.10703
2025,1,20,7,,4.1,2.11353
2025,1,20,8,,4.45,2.03513
2025,1,20,9,,4.72,2.04853
2025,1,20,10,,4.99,2.27973
2025,1,20,11,,5.15,2.0756
2025,1,20,12,,5.43,1.84313
2025,1,20,13,,5.64,4.25103
2025,1,20,14,,4.91,2.6337
2025,1,20,15,,5.18,1.97137
2025,1,20,16,,5.57,1.95253
2025,1,20,17,,5.81,2.7952
2025,1,20,18,,5.94,4.31237
2025,1,20,19,,5.81,5.34303
2025,1,20,20,,5.47,3.71293
2025,1,20,21,,5.31,2.42573
2025,1,20,22,,5.3,1.09503
2025,1,20,23,,5.27,1.11927
2025,1,21,0,,5.12,1.37223
2025,1,21,1,,4.8,1.5
2025,1,21,2,,4.32,1.56747
2025,1,21,3,,3.75,1.1985
2025,1,21,4,,3.05,1.17443
2025,1,21,5,,2.3,1.20623
2025,1,21,6,,2.14,1.77877
2025,1,21,7,,2.13,1.08793
2025,1,21,8,,2.48,1.92927
2025,1,21,9,,2.87,1.925
2025,1,21,10,,3.12,2.13057
2025,1,21,11,,3.23,2.86007
2025,1,21,12,,3.15,2.6967
2025,1,21,13,,2.45,2.7639
2025,1,21,14,,1.4,1.92573
2025,1,21,15,,1.31,1.75147
2025,1,21,16,,1.37,1.22833
2025,1,21,17,,1.47,2.8507
2025,1,21,18,,1.51,3.64893
2025,1,21,19,,1.4,5.33043
2025,1,21,20,,1.38,6.07657
2025,1,21,21,,1.64,5.91077
2025,1,21,22,,2.03,2.32773
2025,1,21,23,,2.33,0.54597
2025,1,22,0,,2.48,0.31603
2025,1,22,1,,2.62,0.26157
2025,1,22,2,,2.77,0.30493
2025,1,22,3,,2.79,0.2603
2025,1,22,4,,2.65,0.3038
2025,1,22,5,,2.52,0.2666
2025,1,22,6,,2.3,0.99367
2025,1,22,7,,2.68,1.8646
2025,1,22,8,,2.61,3.08627
2025,1,22,9,,2.85,2.4221
2025,1,22,10,,3.03,1.89497
2025,1,22,11,,3.02,1.34137
2025,1,22,12,,2.93,1.3538
2025,1,22,13,,2.57,1.0975
2025,1,22,14,,2.26,1.4378
2025,1,22,15,,2.48,1.42107
2025,1,22,16,,2.55,1.19023
2025,1,22,17,,2.58,1.1473
2025,1,22,18,,2.61,1.3634
2025,1,22,19,,2.65,3.69923
2025,1,22,20,,2.67,4.45573
2025,1,22,21,,2.73,2.57357
2025,1,22,22,,2.84,1.65547
2025,1,22,23,,2.86,1.63027
2025,1,23,0,,2.81,2.041
2025,1,23,1,,2.72,0.53867
2025,1,23,2,,2.54,0.47233
2025,1,23,3,,2.36,0.47037
2025,1,23,4,,2.3,0.46503
2025,1,23,5,,2.39,0.46643
2025,1,23,6,,2.77,0.45463
2025,1,23,7,,3.31,2.22513
2025,1,23,8,,4.18,1.66283
2025,1,23,9,,4.67,1.41983
2025,1,23,10,,4.81,0.2587
2025,1,23,11,,4.76,0.29973
2025,1,23,12,,4.53,0.26833
2025,1,23,13,,4.12,0.2888
2025,1,23,14,,2.91,0.2702
2025,1,23,15,,2.74,0.28937
2025,1,23,16,,2.49,0.3399
2025,1,23,17,,2.34,2.00497
2025,1,23,18,,2.28,2.38803
2025,1,23,19,,2.32,3.64097
2025,1,23,20,,2.42,3.57893
2025,1,23,21,,2.74,2.91947
2025,1,23,22,,3.25,1.541
2025,1,23,23,,3.82,1.32267
2025,1,24,0,,4.19,1.8474
2025,1,24,1,,4.24,1.58687
2025,1,24,2,,4.28,1.48343
2025,1,24,3,,4.29,1.4793
2025,1,24,4,,4.3,1.4453
2025,1,24,5,,4.34,1.44573
2025,1,24,6,,5.04,1.38183
2025,1,24,7,,5.63,3.5237
2025,1,24,8,,6.26,3.75817
2025,1,24,9,,6.48,3.5179
2025,1,24,10,,6.25,2.63247
2025,1,24,11,,5.71,1.55833
2025,1,24,12,,5.15,2.8716
2025,1,24,13,,4.41,1.83717
2025,1,24,14,,3.05,1.57963
2025,1,24,15,,3.07,2.5398
2025,1,24,16,,2.98,2.7186
2025,1,24,17,,2.93,1.68843
2025,1,24,18,,3.04,2.17023
2025,1,24,19,,3.16,2.15747
2025,1,24,20,,3.27,2.96397
2025,1,24,21,,3.46,1.5511
2025,1,24,22,,3.69,0.9241
2025,1,24,23,,3.92,1.13503
2025,1,25,0,,4.11,0.5959
2025,1,25,1,,4.17,0.25317
2025,1,25,2,,4.22,0.3074
2025,1,25,3,,4.31,0.2604
2025,1,25,4,,4.62,0.3157
2025,1,25,5,,5.08,0.26013
2025,1,25,6,,4.89,0.5114
2025,1,25,7,,4.6,2.62117
2025,1,25,8,,4.09,1.32687
2025,1,25,9,,3.87,0.587
2025,1,25,10,,3.67,0.2689
2025,1,25,11,,4.14,0.29213
2025,1,25,12,,3.89,0.28827
2025,1,25,13,,3.98,0.3601
2025,1,25,14,,3.56,1.20257
2025,1,25,15,,3.43,1.7188
2025,1,25,16,,3.61,1.49123
2025,1,25,17,,3.76,1.76493
2025,1,25,18,,3.56,2.41607
2025,1,25,19,,3.29,3.04243
2025,1,25,20,,2.86,2.0296
2025,1,25,21,,2.37,2.29857
2025,1,25,22,,2.18,1.34393
2025,1,25,23,,2.3,1.04907
2025,1,26,0,,2.55,0.2929
2025,1,26,1,,2.61,0.27537
2025,1,26,2,,2.71,0.26673
2025,1,26,3,,2.76,0.28423
2025,1,26,4,,2.67,0.26887
2025,1,26,5,,2.53,0.28943
2025,1,26,6,,3.02,1.0981
2025,1,26,7,,3.06,2.26637
2025,1,26,8,,3.02,0.51177
2025,1,26,9,,2.97,0.80147
2025,1,26,10,,2.91,0.80007
2025,1,26,11,,2.78,2.5391
2025,1,26,12,,2.42,1.71487
2025,1,26,13,,1.98,1.58947
2025,1,26,14,,1.26,1.53653
2025,1,26,15,,0.88,0.67447
2025,1,26,16,,0.87,0.29027
2025,1,26,17,,1.37,0.59217
2025,1,26,18,,1.76,0.90617
2025,1,26,19,,1.96,1.7367
2025,1,26,20,,2.22,1.4773
2025,1,26,21,,2.49,2.6074
2025,1,26,22,,2.57,2.3952
2025,1,26,23,,2.53,1.75127
2025,1,27,0,,2.62,0.51477
2025,1,27,1,,2.78,0.42877
2025,1,27,2,,2.89,0.2627
2025,1,27,3,,2.94,0.28487
2025,1,27,4,,3.07,0.2902
2025,1,27,5,,3.43,0.28507
2025,1,27,6,,4.25,0.532
2025,1,27,7,,4.97,1.53187
2025,1,27,8,,5.38,2.05493
2025,1,27,9,,5.64,1.84597
2025,1,27,10,,5.71,1.83277
2025,1,27,11,,5.59,1.57867
2025,1,27,12,,5.31,1.40277
2025,1,27,13,,4.87,1.54187
2025,1,27,14,,3.6,3.24183
2025,1,27,15,,3.34,2.08877
2025,1,27,16,,3.22,2.04633
2025,1,27,17,,3.21,1.4345
2025,1,27,18,,3.27,2.0484
2025,1,27,19,,3.35,2.11077
2025,1,27,20,,3.43,2.01413
2025,1,27,21,,3.55,1.04643
2025,1,27,22,,3.73,0.56277
2025,1,27,23,,3.88,3.08673
2025,1,28,0,,4.02,3.17207
2025,1,28,1,,4.18,1.4386
2025,1,28,2,,4.28,1.38587
2025,1,28,3,,4.47,1.442
2025,1,28,4,,4.57,1.44883
2025,1,28,5,,4.74,1.4096
2025,1,28,6,,5.51,1.46213
2025,1,28,7,,5.84,1.36807
2025,1,28,8,,6.49,2.22873
2025,1,28,9,,6.97,2.1713
2025,1,28,10,,6.84,1.77127
2025,1,28,11,,6.54,2.15657
2025,1,28,12,,5.96,4.19583
2025,1,28,13,,5.12,3.36843
2025,1,28,14,,3.4,1.77547
2025,1,28,15,,3.62,2.2972
2025,1,28,16,,3.97,2.02637
2025,1,28,17,,4.35,2.5222
2025,1,28,18,,4.71,3.29283
2025,1,28,19,,5.08,2.497
2025,1,28,20,,5.48,3.7912
2025,1,28,21,,5.86,3.0787
2025,1,28,22,,6.09,0.90657
2025,1,28,23,,6.08,0.3386
2025,1,29,0,,6.22,0.27693
2025,1,29,1,,6.46,0.3127
2025,1,29,2,,6.5,0.2769
2025,1,29,3,,6.77,0.3165
2025,1,29,4,,7.21,0.27203
2025,1,29,5,,7.46,1.06423
2025,1,29,6,,8.02,0.49443
2025,1,29,7,,7.73,1.24867
2025,1,29,8,,7.76,1.57263
2025,1,29,9,,8.21,1.82793
2025,1,29,10,,8.22,1.51697
2025,1,29,11,,7.73,1.4119
2025,1,29,12,,7.15,1.58953
2025,1,29,13,,5.94,1.77167
2025,1,29,14,,4.52,1.48517
2025,1,29,15,,4.6,1.46883
2025,1,29,16,,4.75,1.76677
2025,1,29,17,,4.89,1.65423
2025,1,29,18,,4.89,2.39367
2025,1,29,19,,4.73,2.88847
2025,1,29,20,,4.37,3.42033
2025,1,29,21,,4.04,1.7399
2025,1,29,22,,4.0,0.9504
2025,1,29,23,,4.0,1.3236
2025,1,30,0,,4.05,0.38207
2025,1,30,1,,4.11,0.3172
2025,1,30,2,,4.15,0.29113
2025,1,30,3,,4.14,0.32117
2025,1,30,4,,4.16,0.29053
2025,1,30,5,,4.13,0.33033
2025,1,30,6,,4.29,0.95097
2025,1,30,7,,4.45,3.0251
2025,1,30,8,,3.99,1.5079
2025,1,30,9,,3.78,0.74677
2025,1,30,10,,3.47,0.2837
2025,1,30,11,,3.14,0.49397
2025,1,30,12,,2.71,0.6436
2025,1,30,13,,2.0,0.56057
2025,1,30,14,,1.89,0.6354
2025,1,30,15,,1.66,0.82027
2025,1,30,16,,1.45,1.4973
2025,1,30,17,,1.7,1.9338
2025,1,30,18,,1.89,3.21447
2025,1,30,19,,2.05,3.06427
2025,1,30,20,,2.21,2.87293
2025,1,30,21,,2.4,1.67327
2025,1,30,22,,2.6,1.99063
2025,1,30,23,,2.7,0.61597
2025,1,31,0,,2.78,0.57233
2025,1,31,1,,2.84,0.30537
2025,1,31,2,,2.89,0.6035
2025,1,31,3,,2.91,0.54783
2025,1,31,4,,2.85,0.3127
2025,1,31,5,,2.73,0.3055
2025,1,31,6,,2.84,0.42343
2025,1,31,7,,2.72,1.36633
2025,1,31,8,,2.46,2.38593
2025,1,31,9,,2.62,1.40847
2025,1,31,10,,2.58,1.3765
2025,1,31,11,,2.42,2.83783
2025,1,31,12,,2.21,3.95983
2025,1,31,13,,2.02,1.7827
2025,1,31,14,,1.69,1.85403
2025,1,31,15,,1.92,3.7652
2025,1,31,16,,2.12,2.15003
2025,1,31,17,,2.3,1.70467
2025,1,31,18,,2.43,3.02907
2025,1,31,19,,2.48,2.5259
2025,1,31,20,,2.41,1.15967
2025,1,31,21,,2.46,2.83887
2025,1,31,22,,2.61,1.86197
2025,1,31,23,,2.79,0.3182
2025,2,1,0,,2.78,0.27853
2025,2,1,1,,2.45,0.31917
2025,2,1,2,,2.05,0.29093
2025,2,1,3,,1.9,0.2961
2025,2,1,4,,1.92,0.30443
2025,2,1,5,,2.33,0.6714
2025,2,1,6,,2.47,2.21943
2025,2,1,7,,2.38,3.05827
2025,2,1,8,,2.17,3.29733
2025,2,1,9,,1.84,2.05413
2025,2,1,10,,1.77,1.47433
2025,2,1,11,,1.99,1.37193
2025,2,1,12,,2.41,0.6152
2025,2,1,13,,2.96,0.29807
2025,2,1,14,,2.89,0.3099
2025,2,1,15,,3.27,0.298
2025,2,1,16,,4.03,0.33257
2025,2,1,17,,4.46,0.8054
2025,2,1,18,,4.58,2.58093
2025,2,1,19,,4.51,2.97527
2025,2,1,20,,4.38,2.12947
2025,2,1,21,,4.24,1.5541
2025,2,1,22,,4.1,1.49933
2025,2,1,23,,3.9,1.37843
2025,2,2,0,,3.74,0.7672
2025,2,2,1,,3.62,0.3079
2025,2,2,2,,3.59,0.29013
2025,2,2,3,,3.59,0.31453
2025,2,2,4,,3.64,0.2905
2025,2,2,5,,3.65,0.26547
2025,2,2,6,,4.38,1.2541
2025,2,2,7,,4.42,2.27607
2025,2,2,8,,4.24,1.52027
2025,2,2,9,,4.02,1.49693
2025,2,2,10,,3.85,1.66073
2025,2,2,11,,3.96,1.30547
2025,2,2,12,,4.28,0.64883
2025,2,2,13,,4.74,1.46987
2025,2,2,14,,4.6,0.82833
2025,2,2,15,,4.44,0.3098
2025,2,2,16,,4.37,0.3746
2025,2,2,17,,3.97,0.51657
2025,2,2,18,,3.42,2.2891
2025,2,2,19,,2.99,2.1169
2025,2,2,20,,2.66,1.09953
2025,2,2,21,,2.2,0.58837
2025,2,2,22,,1.64,2.3489
2025,2,2,23,,1.01,3.4555
2025,2,3,0,,0.65,3.7147
2025,2,3,1,,1.02,3.49083
2025,2,3,2,,1.38,3.49827
2025,2,3,3,,1.73,2.36227
2025,2,3,4,,2.0,2.1882
2025,2,3,5,,2.07,2.32647
2025,2,3,6,,2.12,2.08043
2025,2,3,7,,2.07,2.04897
2025,2,3,8,,2.22,2.18323
2025,2,3,9,,2.57,1.46227
2025,2,3,10,,3.0,1.53957
2025,2,3,11,,3.12,1.6489
2025,2,3,12,,2.92,1.57947
2025,2,3,13,,2.56,1.66983
2025,2,3,14,,2.2,3.92723
2025,2,3,15,,3.24,2.33863
2025,2,3,16,,5.2,2.54643
2025,2,3,17,,6.79,2.4434
2025,2,3,18,,7.78,5.02113
2025,2,3,19,,8.28,5.81467
2025,2,3,20,,8.11,3.49137
2025,2,3,21,,7.81,3.70073
2025,2,3,22,,7.45,3.35093
2025,2,3,23,,7.08,2.7341
2025,2,4,0,,6.95,5.07333
2025,2,4,1,,6.82,4.15933
2025,2,4,2,,6.45,2.3561
2025,2,4,3,,6.52,1.94917
2025,2,4,4,,6.87,1.962
2025,2,4,5,,7.63,2.0102
2025,2,4,6,,8.98,2.92783
2025,2,4,7,,9.35,1.92157
2025,2,4,8,,9.34,2.2655
2025,2,4,9,,9.35,2.7268
2025,2,4,10,,9.35,2.4113
2025,2,4,11,,9.41,1.1804
2025,2,4,12,,9.54,2.14607
2025,2,4,13,,9.55,1.955
2025,2,4,14,,9.21,1.48653
2025,2,4,15,,8.61,2.47487
2025,2,4,16,,8.47,3.56643
2025,2,4,17,,8.13,2.29967
2025,2,4,18,,7.76,2.6762
2025,2,4,19,,7.58,3.12627
2025,2,4,20,,7.25,3.1421
2025,2,4,21,,6.83,2.398
2025,2,4,22,,6.56,1.58123
2025,2,4,23,,6.33,2.13643
2025,2,5,0,,6.19,0.40753
2025,2,5,1,,6.53,0.34517
2025,2,5,2,,6.84,0.36707
2025,2,5,3,,7.03,0.37567
2025,2,5,4,,7.12,0.34847
2025,2,5,5,,7.79,1.15247
2025,2,5,6,,9.2,0.61093
2025,2,5,7,,10.0,1.65953
2025,2,5,8,,10.07,2.98533
2025,2,5,9,,10.07,1.36003
2025,2,5,10,,9.98,1.35867
2025,2,5,11,,9.9,0.30183
2025,2,5,12,,10.01,0.7607
2025,2,5,13,,10.12,0.63217
2025,2,5,14,,9.78,1.08753
2025,2,5,15,,8.96,1.60963
2025,2,5,16,,8.85,0.83297
2025,2,5,17,,8.79,0.76173
2025,2,5,18,,8.37,0.9984
2025,2,5,19,,8.53,2.22437
2025,2,5,20,,8.19,3.44243
2025,2,5,21,,7.73,2.33503
2025,2,5,22,,7.38,1.04387
2025,2,5,23,,7.13,0.4198
2025,2,6,0,,6.91,0.4016
2025,2,6,1,,6.87,0.77417
2025,2,6,2,,6.98,0.32493
2025,2,6,3,,7.19,0.29613
2025,2,6,4,,7.22,0.2711
2025,2,6,5,,7.66,0.31883
2025,2,6,6,,8.64,0.59663
2025,2,6,7,,9.43,1.38823
2025,2,6,8,,9.8,1.8561
2025,2,6,9,,10.25,0.90777
2025,2,6,10,,10.79,0.68467
2025,2,6,11,,11.25,0.73853
2025,2,6,12,,11.35,0.5483
2025,2,6,13,,11.23,0.8508
2025,2,6,14,,10.77,1.1567
2025,2,6,15,,9.71,1.5821
2025,2,6,16,,8.92,0.68993
2025,2,6,17,,8.49,0.67887
2025,2,6,18,,8.14,0.66933
2025,2,6,19,,7.62,0.63103
2025,2,6,20,,7.01,1.8967
2025,2,6,21,,6.69,2.77907
2025,2,6,22,,6.6,0.8889
2025,2,6,23,,6.8,0.29423
2025,2,7,0,,7.01,0.3101
2025,2,7,1,,7.31,0.26807
2025,2,7,2,,7.62,0.3268
2025,2,7,3,,7.65,0.2739
2025,2,7,4,,8.0,0.27953
2025,2,7,5,,8.26,0.33457
2025,2,7,6,,9.11,2.2319
2025,2,7,7,,9.76,2.76983
2025,2,7,8,,9.83,2.19043
2025,2,7,9,,9.79,1.8933
2025,2,7,10,,9.85,1.35033
2025,2,7,11,,9.99,2.28183
2025,2,7,12,,10.12,2.0786
2025,2,7,13,,10.1,1.66737
2025,2,7,14,,9.68,1.64623
2025,2,7,15,,8.95,2.61883
2025,2,7,16,,8.72,1.95667
2025,2,7,17,,8.43,1.2212
2025,2,7,18,,8.13,1.77207
2025,2,7,19,,7.91,2.45033
2025,2,7,20,,7.59,1.7852
2025,2,7,21,,7.17,3.7329
2025,2,7,22,,6.83,2.5022
2025,2,7,23,,6.48,0.8581
2025,2,8,0,,6.21,0.3036
2025,2,8,1,,6.05,0.2927
2025,2,8,2,,6.04,0.26713
2025,2,8,3,,6.01,0.3409
2025,2,8,4,,6.23,0.32803
2025,2,8,5,,6.67,0.74443
2025,2,8,6,,7.82,1.16987
2025,2,8,7,,8.9,1.9156
2025,2,8,8,,9.16,1.73877
2025,2,8,9,,9.25,1.44943
2025,2,8,10,,9.29,1.33883
2025,2,8,11,,9.5,1.32147
2025,2,8,12,,9.85,1.38817
2025,2,8,13,,10.1,0.4029
2025,2,8,14,,9.9,0.33543
2025,2,8,15,,9.35,0.6013
2025,2,8,16,,9.29,0.65
2025,2,8,17,,9.32,1.76887
2025,2,8,18,,9.23,1.77217
2025,2,8,19,,8.82,3.36253
2025,2,8,20,,8.14,2.9786
2025,2,8,21,,7.67,2.73013
2025,2,8,22,,7.6,2.0262
2025,2,8,23,,7.56,0.7965
2025,2,9,0,,7.76,0.32057
2025,2,9,1,,8.02,0.29127
2025,2,9,2,,8.48,0.34267
2025,2,9,3,,8.56,0.2745
2025,2,9,4,,8.4,0.2797
2025,2,9,5,,8.34,0.30463
2025,2,9,6,,8.82,1.08633
2025,2,9,7,,9.18,2.38227
2025,2,9,8,,9.21,1.6581
2025,2,9,9,,9.27,1.33893
2025,2,9,10,,9.56,1.3302
2025,2,9,11,,10.02,1.3874
2025,2,9,12,,10.37,0.98917
2025,2,9,13,,10.44,1.0277
2025,2,9,14,,9.82,1.41797
2025,2,9,15,,8.93,0.6847
2025,2,9,16,,8.44,0.35137
2025,2,9,17,,7.75,0.32547
2025,2,9,18,,7.37,0.5458
2025,2,9,19,,6.89,1.57257
2025,2,9,20,,6.45,2.38453
2025,2,9,21,,6.25,2.25103
2025,2,9,22,,5.97,3.83577
2025,2,9,23,,5.79,0.62067
2025,2,10,0,,5.72,0.37227
2025,2,10,1,,5.63,0.32333
2025,2,10,2,,5.83,0.37577
2025,2,10,3,,5.92,0.3348
2025,2,10,4,,6.04,0.33763
2025,2,10,5,,6.49,0.35337
2025,2,10,6,,7.59,0.88793
2025,2,10,7,,8.21,1.46763
2025,2,10,8,,8.28,1.6671
2025,2,10,9,,8.31,1.79707
2025,2,10,10,,8.25,2.2687
2025,2,10,11,,8.21,2.55237
2025,2,10,12,,8.23,2.78993
2025,2,10,13,,8.13,2.03517
2025,2,10,14,,7.59,2.0697
2025,2,10,15,,6.34,1.51053
2025,2,10,16,,5.81,1.50027
2025,2,10,17,,5.47,1.80207
2025,2,10,18,,5.38,3.51597
2025,2,10,19,,5.32,4.71147
2025,2,10,20,,5.21,4.06973
2025,2,10,21,,4.96,2.56047
2025,2,10,22,,4.83,4.6905
2025,2,10,23,,4.67,3.1617
2025,2,11,0,,4.58,2.32467
2025,2,11,1,,4.63,2.0002
2025,2,11,2,,4.66,1.9685
2025,2,11,3,,4.67,1.95153
2025,2,11,4,,4.63,2.07597
2025,2,11,5,,4.74,2.73243
2025,2,11,6,,5.49,2.51343
2025,2,11,7,,5.64,2.40837
2025,2,11,8,,5.52,2.65413
2025,2,11,9,,5.43,2.68093
2025,2,11,10,,5.55,2.10087
2025,2,11,11,,5.81,3.43987
2025,2,11,12,,6.27,3.79127
2025,2,11,13,,6.63,2.9738
2025,2,11,14,,6.47,3.43113
2025,2,11,15,,5.75,2.93447
2025,2,11,16,,5.29,0.4385
2025,2,11,17,,4.87,1.53287
2025,2,11,18,,4.29,3.02677
2025,2,11,19,,3.86,3.4848
2025,2,11,20,,3.5,3.162
2025,2,11,21,,3.34,2.63277
2025,2,11,22,,3.35,1.84283
2025,2,11,23,,3.42,1.41837
2025,2,12,0,,3.54,1.43603
2025,2,12,1,,3.6,0.45137
2025,2,12,2,,3.6,0.33237
2025,2,12,3,,3.54,0.34643
2025,2,12,4,,3.43,0.3015
2025,2,12,5,,3.33,0.31667
2025,2,12,6,,4.2,1.8135
2025,2,12,7,,4.95,2.46597
2025,2,12,8,,5.61,2.172
2025,2,12,9,,6.49,1.99333
2025,2,12,10,,7.55,1.3417
2025,2,12,11,,8.58,1.37563
2025,2,12,12,,9.27,0.92157
2025,2,12,13,,9.31,0.72837
2025,2,12,14,,8.9,1.30897
2025,2,12,15,,8.25,1.3888
2025,2,12,16,,7.81,0.77053
2025,2,12,17,,7.15,0.72177
2025,2,12,18,,6.48,1.02337
2025,2,12,19,,5.93,2.25563
2025,2,12,20,,5.49,3.60557
2025,2,12,21,,5.17,2.35413
2025,2,12,22,,4.8,0.94833
2025,2,12,23,,4.49,0.91997
2025,2,13,0,,4.28,0.27587
2025,2,13,1,,4.15,0.3182
2025,2,13,2,,4.07,0.28887
2025,2,13,3,,3.93,0.29693
2025,2,13,4,,3.63,0.27943
2025,2,13,5,,3.14,0.2854
2025,2,13,6,,3.13,0.9443
2025,2,13,7,,2.39,1.67297
2025,2,13,8,,1.75,1.02057
2025,2,13,9,,1.34,0.52797
2025,2,13,10,,1.44,0.4956
2025,2,13,11,,1.7,0.58207
2025,2,13,12,,1.87,0.53067
2025,2,13,13,,1.95,0.3222
2025,2,13,14,,1.89,0.76777
2025,2,13,15,,1.74,0.4402
2025,2,13,16,,1.81,1.24277
2025,2,13,17,,1.98,1.49593
2025,2,13,18,,2.29,2.24653
2025,2,13,19,,2.68,2.45963
2025,2,13,20,,2.99,1.43993
2025,2,13,21,,3.13,3.5453
2025,2,13,22,,3.2,0.8668
2025,2,13,23,,3.32,1.22987
2025,2,14,0,,3.47,0.34747
2025,2,14,1,,3.65,0.28393
2025,2,14,2,,3.81,0.29007
2025,2,14,3,,3.97,0.32027
2025,2,14,4,,4.17,0.2866
2025,2,14,5,,4.21,0.28917
2025,2,14,6,,5.06,1.63513
2025,2,14,7,,5.65,2.7165
2025,2,14,8,,5.93,2.54863
2025,2,14,9,,6.11,1.906
2025,2,14,10,,5.97,1.3256
2025,2,14,11,,5.48,1.91007
2025,2,14,12,,4.78,3.45127
2025,2,14,13,,4.02,2.4897
2025,2,14,14,,2.58,2.43023
2025,2,14,15,,2.17,4.36413
2025,2,14,16,,2.15,2.18103
2025,2,14,17,,2.64,0.97857
2025,2,14,18,,3.43,2.4165
2025,2,14,19,,4.31,2.32973
2025,2,14,20,,5.03,1.81983
2025,2,14,21,,5.43,3.39737
2025,2,14,22,,5.47,1.58667
2025,2,14,23,,5.29,0.34007
2025,2,15,0,,5.22,0.42003
2025,2,15,1,,5.62,0.40437
2025,2,15,2,,5.97,0.3647
2025,2,15,3,,5.55,0.31447
2025,2,15,4,,5.23,0.29243
2025,2,15,5,,5.5,1.0678
2025,2,15,6,,5.96,1.68657
2025,2,15,7,,6.07,2.32983
2025,2,15,8,,5.65,1.4504
2025,2,15,9,,5.59,1.43447
2025,2,15,10,,5.27,1.3697
2025,2,15,11,,4.82,1.3831
2025,2,15,12,,4.28,1.42363
2025,2,15,13,,3.05,1.06717
2025,2,15,14,,1.43,0.32677
2025,2,15,15,,1.68,0.3211
2025,2,15,16,,3.55,0.46053
2025,2,15,17,,4.83,0.41547
2025,2,15,18,,5.95,1.77753
2025,2,15,19,,6.43,4.1108
2025,2,15,20,,6.83,3.61777
2025,2,15,21,,6.91,2.9623
2025,2,15,22,,6.7,2.42413
2025,2,15,23,,6.4,1.66403
2025,2,16,0,,6.11,1.5622
2025,2,16,1,,5.74,0.82587
2025,2,16,2,,5.41,0.53107
2025,2,16,3,,5.2,0.50063
2025,2,16,4,,5.2,0.49037
2025,2,16,5,,5.31,0.58223
2025,2,16,6,,5.59,3.32647
2025,2,16,7,,5.65,2.41987
2025,2,16,8,,5.56,0.335
2025,2,16,9,,5.1,0.34397
2025,2,16,10,,4.39,0.3553
2025,2,16,11,,3.85,0.98937
2025,2,16,12,,3.99,0.33273
2025,2,16,13,,4.57,0.36493
2025,2,16,14,,5.22,0.3291
2025,2,16,15,,5.52,0.32523
2025,2,16,16,,5.61,0.3426
2025,2,16,17,,5.34,0.41277
2025,2,16,18,,4.99,1.41013
2025,2,16,19,,4.79,3.12973
2025,2,16,20,,4.82,2.8264
2025,2,16,21,,4.85,2.79513
2025,2,16,22,,4.88,2.03663
2025,2,16,23,,4.8,1.80773
2025,2,17,0,,4.81,1.51363
2025,2,17,1,,5.11,1.1187
2025,2,17,2,,5.7,0.2872
2025,2,17,3,,6.12,0.3238
2025,2,17,4,,6.41,0.31433
2025,2,17,5,,6.87,0.47987
2025,2,17,6,,7.42,0.48713
2025,2,17,7,,7.72,0.97337
2025,2,17,8,,8.03,2.61033
2025,2,17,9,,8.41,2.06543
2025,2,17,10,,8.39,0.81353
2025,2,17,11,,8.06,0.28613
2025,2,17,12,,7.77,0.4473
2025,2,17,13,,7.51,2.27023
2025,2,17,14,,7.2,1.6168
2025,2,17,15,,6.62,1.80217
2025,2,17,16,,6.35,0.569
2025,2,17,17,,6.2,0.4366
2025,2,17,18,,5.9,1.09707
2025,2,17,19,,5.57,2.69443
2025,2,17,20,,5.36,1.87407
2025,2,17,21,,5.25,2.75057
2025,2,17,22,,5.23,3.84827
2025,2,17,23,,5.38,3.93523
2025,2,18,0,,5.67,4.465
2025,2,18,1,,6.0,3.88837
2025,2,18,2,,6.06,2.414
2025,2,18,3,,6.2,1.37537
2025,2,18,4,,6.41,0.30477
2025,2,18,5,,7.12,0.84267
2025,2,18,6,,7.95,3.59027
2025,2,18,7,,8.48,2.42393
2025,2,18,8,,8.34,3.39597
2025,2,18,9,,8.08,3.4226
2025,2,18,10,,7.96,4.20057
2025,2,18,11,,8.08,2.4564
2025,2,18,12,,8.35,3.66093
2025,2,18,13,,8.6,3.33693
2025,2,18,14,,8.5,3.54593
2025,2,18,15,,7.51,1.6473
2025,2,18,16,,6.66,2.16137
2025,2,18,17,,6.04,2.14267
2025,2,18,18,,5.62,3.40137
2025,2,18,19,,5.37,3.94603
2025,2,18,20,,5.09,3.40087
2025,2,18,21,,4.88,2.62833
2025,2,18,22,,4.71,0.7909
2025,2,18,23,,4.6,0.38683
2025,2,19,0,,4.47,0.36667
2025,2,19,1,,4.4,0.84153
2025,2,19,2,,4.37,0.30377
2025,2,19,3,,4.31,0.3525
2025,2,19,4,,4.2,0.33317
2025,2,19,5,,4.02,0.3123
2025,2,19,6,,4.86,1.3919
2025,2,19,7,,5.21,1.9478
2025,2,19,8,,5.19,1.6239
2025,2,19,9,,5.08,1.3547
2025,2,19,10,,5.21,1.42577
2025,2,19,11,,5.68,1.39957
2025,2,19,12,,6.36,1.80717
2025,2,19,13,,7.11,0.98797
2025,2,19,14,,7.75,0.34567
2025,2,19,15,,8.28,0.29653
2025,2,19,16,,8.82,0.32837
2025,2,19,17,,8.85,0.57927
2025,2,19,18,,8.65,3.41067
2025,2,19,19,,8.57,4.26357
2025,2,19,20,,8.16,3.9734
2025,2,19,21,,8.2,3.65787
2025,2,19,22,,8.14,2.63833
2025,2,19,23,,7.67,2.5012
2025,2,20,0,,7.18,2.48873
2025,2,20,1,,6.8,2.39647
2025,2,20,2,,6.59,2.44457
2025,2,20,3,,6.26,2.84733
2025,2,20,4,,6.13,2.66627
2025,2,20,5,,6.32,2.36347
2025,2,20,6,,7.0,2.8587
2025,2,20,7,,6.87,4.4166
2025,2,20,8,,6.57,3.48227
2025,2,20,9,,6.74,2.66967
2025,2,20,10,,7.18,1.76687
2025,2,20,11,,7.7,1.6853
2025,2,20,12,,8.15,1.63813
2025,2,20,13,,8.39,1.94887
2025,2,20,14,,8.16,1.56393
2025,2,20,15,,6.94,0.38117
2025,2,20,16,,6.26,0.42637
2025,2,20,17,,5.89,0.4332
2025,2,20,18,,5.67,1.0013
2025,2,20,19,,5.47,2.0312
2025,2,20,20,,5.32,4.4047
2025,2,20,21,,5.07,2.80393
2025,2,20,22,,4.84,1.9939
2025,2,20,23,,4.65,1.78587
2025,2,21,0,,4.54,0.31957
2025,2,21,1,,4.64,0.30433
2025,2,21,2,,5.07,0.93517
2025,2,21,3,,6.02,0.30743
2025,2,21,4,,7.34,0.30843
2025,2,21,5,,8.32,0.27653
2025,2,21,6,,9.58,0.61527
2025,2,21,7,,9.76,2.09573
2025,2,21,8,,9.83,1.4324
2025,2,21,9,,9.98,1.33817
2025,2,21,10,,9.98,1.4221
2025,2,21,11,,9.81,0.69767
2025,2,21,12,,9.75,0.80437
2025,2,21,13,,9.72,0.4357
2025,2,21,14,,9.42,0.3365
2025,2,21,15,,8.59,1.70063
2025,2,21,16,,8.34,1.8283
2025,2,21,17,,8.55,2.03837
2025,2,21,18,,8.61,2.85923
2025,2,21,19,,8.17,3.02083
2025,2,21,20,,7.9,4.01613
2025,2,21,21,,7.66,2.11313
2025,2,21,22,,6.84,2.66147
2025,2,21,23,,5.76,2.68043
2025,2,22,0,,5.71,1.98777
2025,2,22,1,,6.06,2.34507
2025,2,22,2,,6.47,2.3484
2025,2,22,3,,6.51,2.37373
2025,2,22,4,,6.37,2.29887
2025,2,22,5,,6.67,2.34837
2025,2,22,6,,7.68,3.5509
2025,2,22,7,,8.13,3.96353
2025,2,22,8,,8.27,3.51133
2025,2,22,9,,8.31,1.635
2025,2,22,10,,8.24,1.46273
2025,2,22,11,,8.12,1.5265
2025,2,22,12,,7.98,1.67513
2025,2,22,13,,7.79,0.34147
2025,2,22,14,,7.26,0.60827
2025,2,22,15,,6.04,0.4879
2025,2,22,16,,5.37,0.70767
2025,2,22,17,,5.04,0.70263
2025,2,22,18,,4.79,1.61407
2025,2,22,19,,4.59,4.49003
2025,2,22,20,,4.43,3.46083
2025,2,22,21,,4.27,6.36387
2025,2,22,22,,4.07,3.51555
2025,2,22,23,,3.84,2.95553
2025,2,23,0,,3.59,1.01693
2025,2,23,1,,3.51,0.2963
2025,2,23,2,,3.48,0.31163
2025,2,23,3,,3.36,0.279
2025,2,23,4,,3.05,0.3243
2025,2,23,5,,2.74,0.26273
2025,2,23,6,,2.74,0.2868
2025,2,23,7,,2.65,2.33937
2025,2,23,8,,2.62,2.0058
2025,2,23,9,,2.64,1.66703
2025,2,23,10,,2.83,1.52477
2025,2,23,11,,3.28,1.2568
2025,2,23,12,,3.8,1.45373
2025,2,23,13,,4.28,1.5165
2025,2,23,14,,4.39,1.40317
2025,2,23,15,,3.83,1.39863
2025,2,23,16,,3.77,1.3895
2025,2,23,17,,3.68,0.71577
2025,2,23,18,,3.53,0.33747
2025,2,23,19,,3.35,0.2815
2025,2,23,20,,3.05,0.30993
2025,2,23,21,,2.84,0.32683
2025,2,23,22,,2.68,0.34397
2025,2,23,23,,2.47,0.84287
2025,2,24,0,,2.25,0.38207
2025,2,24,1,,2.1,0.30343
2025,2,24,2,,1.98,0.2846
2025,2,24,3,,1.79,1.14267
2025,2,24,4,,1.67,0.39333
2025,2,24,5,,1.75,0.26443
2025,2,24,6,,1.99,0.3069
2025,2,24,7,,1.95,0.50513
2025,2,24,8,,1.9,2.0233
2025,2,24,9,,1.83,1.78653
2025,2,24,10,,1.66,0.2936
2025,2,24,11,,1.43,0.29273
2025,2,24,12,,1.09,0.2642
2025,2,24,13,,0.71,0.31413
2025,2,24,14,,0.46,0.26437
2025,2,24,15,,0.36,0.28457
2025,2,24,16,,0.43,0.28543
2025,2,24,17,,0.62,0.71927
2025,2,24,18,,0.87,0.43573
2025,2,24,19,,1.19,0.2488
2025,2,24,20,,1.51,0.28147
2025,2,24,21,,1.9,0.29003
2025,2,24,22,,2.32,0.24937
2025,2,24,23,,2.78,0.29927
2025,2,25,0,,3.31,0.2797
2025,2,25,1,,3.79,0.29477
2025,2,25,2,,4.08,0.26733
2025,2,25,3,,4.19,0.74423
2025,2,25,4,,4.15,0.5836
2025,2,25,5,,4.03,0.2745
2025,2,25,6,,4.83,0.30223
2025,2,25,7,,5.01,0.2532
2025,2,25,8,,5.1,0.28513
2025,2,25,9,,5.06,0.2955
2025,2,25,10,,4.83,0.25467
2025,2,25,11,,4.45,0.3136
2025,2,25,12,,3.82,0.26337
2025,2,25,13,,3.06,0.2706
2025,2,25,14,,2.03,1.2028
2025,2,25,15,,1.34,0.2662
2025,2,25,16,,1.06,0.2892
2025,2,25,17,,0.96,0.2649
2025,2,25,18,,0.88,0.27323
2025,2,25,19,,0.76,0.28167
2025,2,25,20,,0.67,0.2682
2025,2,25,21,,0.84,0.30093
2025,2,25,22,,1.36,0.25393
2025,2,25,23,,1.85,0.27883
2025,2,26,0,,2.21,0.53857
2025,2,26,1,,2.39,0.9474
2025,2,26,2,,2.4,0.2965
2025,2,26,3,,2.32,0.26853
2025,2,26,4,,2.27,0.2619
2025,2,26,5,,2.33,0.27953
2025,2,26,6,,2.88,0.28437
2025,2,26,7,,3.12,0.28793
2025,2,26,8,,3.31,0.2488
2025,2,26,9,,3.32,0.27663
2025,2,26,10,,3.05,0.2771
2025,2,26,11,,2.8,0.77273
2025,2,26,12,,2.55,0.75677
2025,2,26,13,,2.22,0.2626
2025,2,26,14,,1.62,0.2633
2025,2,26,15,,0.87,0.30277
2025,2,26,16,,0.99,0.27393
2025,2,26,17,,1.46,0.29
2025,2,26,18,,1.91,0.26483
2025,2,26,19,,2.16,0.26277
2025,2,26,20,,2.1,0.28103
2025,2,26,21,,1.77,0.2673
2025,2,26,22,,1.61,0.90667
2025,2,26,23,,1.72,0.60277
2025,2,27,0,,1.96,0.25907
2025,2,27,1,,2.21,0.31113
2025,2,27,2,,2.54,0.26087
2025,2,27,3,,2.81,0.28967
2025,2,27,4,,2.99,0.2766
2025,2,27,5,,2.93,0.2501
2025,2,27,6,,3.29,0.29227
2025,2,27,7,,3.33,0.2797
2025,2,27,8,,3.18,0.28433
2025,2,27,9,,3.15,1.11213
2025,2,27,10,,3.21,0.37503
2025,2,27,11,,3.01,0.3002
2025,2,27,12,,2.49,0.27037
2025,2,27,13,,1.78,0.29337
2025,2,27,14,,0.68,0.28513
2025,2,27,15,,0.75,0.2577
2025,2,27,16,,1.41,0.30703
2025,2,27,17,,1.85,0.28283
2025,2,27,18,,2.02,0.2679
2025,2,27,19,,2.06,0.3107
2025,2,27,20,,2.04,1.2159
2025,2,27,21,,2.01,0.29453
2025,2,27,22,,2.05,0.26757
2025,2,27,23,,1.95,0.29107
2025,2,28,0,,1.8,0.29103
2025,2,28,1,,1.58,0.2592
2025,2,28,2,,1.23,0.31983
2025,2,28,3,,0.82,0.2714
2025,2,28,4,,0.55,0.26173
2025,2,28,5,,0.64,0.2979
2025,2,28,6,,0.95,0.3468
2025,2,28,7,,0.97,1.2055
2025,2,28,8,,1.09,0.2634
2025,2,28,9,,1.7,0.27087
2025,2,28,10,,2.66,0.29
2025,2,28,11,,3.61,0.2526
2025,2,28,12,,4.49,0.3168
2025,2,28,13,,5.19,0.2626
2025,2,28,14,,5.54,0.2525
2025,2,28,15,,5.2,0.30083
2025,2,28,16,,5.56,0.26863
2025,2,28,17,,5.46,0.3037
2025,2,28,18,,5.26,1.25003
2025,2,28,19,,5.06,0.2685
2025,2,28,20,,4.93,0.28597
2025,2,28,21,,4.68,0.25717
2025,2,28,22,,4.42,0.31503
2025,2,28,23,,4.24,0.26753
2025,3,1,0,,4.13,0.25717
2025,3,1,1,,4.11,0.30807
2025,3,1,2,,4.15,0.27707
2025,3,1,3,,4.03,0.2866
2025,3,1,4,,3.98,0.2723
2025,3,1,5,,4.3,1.169
2025,3,1,6,,3.93,0.36513
2025,3,1,7,,3.85,0.26317
2025,3,1,8,,3.46,0.2912
2025,3,1,9,,2.99,0.27487
2025,3,1,10,,2.83,0.25173
2025,3,1,11,,2.82,0.29823
2025,3,1,12,,3.02,0.27537
2025,3,1,13,,3.38,0.2697
2025,3,1,14,,3.79,0.27953
2025,3,1,15,,3.62,0.27573
2025,3,1,16,,4.2,1.24373
2025,3,1,17,,4.41,0.31887
2025,3,1,18,,4.32,0.2785
2025,3,1,19,,4.01,0.2785
2025,3,1,20,,3.68,0.25013
2025,3,1,21,,3.4,0.30983
2025,3,1,22,,3.2,0.26787
2025,3,1,23,,3.08,0.26377
2025,3,2,0,,2.99,0.2861
2025,3,2,1,,3.04,0.28367
2025,3,2,2,,3.1,0.29103
2025,3,2,3,,2.86,0.85303
2025,3,2,4,,2.47,0.6476
2025,3,2,5,,2.31,0.29277
2025,3,2,6,,1.96,0.26223
2025,3,2,7,,1.76,0.2949
2025,3,2,8,,1.31,0.26937
2025,3,2,9,,0.99,0.25023
2025,3,2,10,,1.08,0.29727
2025,3,2,11,,1.64,0.27383
2025,3,2,12,,2.47,0.27373
2025,3,2,13,,3.38,0.265
2025,3,2,14,,4.14,0.93303
2025,3,2,15,,4.88,0.63917
2025,3,2,16,,5.71,0.25197
2025,3,2,17,,6.3,0.2726
2025,3,2,18,,6.73,0.2824
2025,3,2,19,,6.98,0.25663
2025,3,2,20,,6.92,0.29143
2025,3,2,21,,6.41,0.27173
2025,3,2,22,,5.66,0.259
2025,3,2,23,,5.15,0.29607
2025,3,3,0,,4.87,0.2918
2025,3,3,1,,4.91,0.87953
2025,3,3,2,,5.43,0.66897
2025,3,3,3,,6.11,0.28133
2025,3,3,4,,6.12,0.31277
2025,3,3,5,,6.66,0.25727
2025,3,3,6,,7.2,0.31133
2025,3,3,7,,7.5,0.28893
2025,3,3,8,,8.02,0.2625
2025,3,3,9,,8.53,0.30697
2025,3,3,10,,8.74,0.2825
2025,3,3,11,,8.77,0.29667
2025,3,3,12,,8.75,0.64373
2025,3,3,13,,8.62,0.90203
2025,3,3,14,,8.33,0.30677
2025,3,3,15,,7.37,0.26837
2025,3,3,16,,6.85,0.31583
2025,3,3,17,,6.99,0.27803
2025,3,3,18,,6.94,0.37087
2025,3,3,19,,6.9,1.53857
2025,3,3,20,,6.75,1.81357
2025,3,3,21,,6.58,1.48403
2025,3,3,22,,6.42,0.96817
2025,3,3,23,,6.21,0.3215
2025,3,4,0,,6.02,0.26003
2025,3,4,1,,5.96,0.2666
2025,3,4,2,,5.97,0.3192
2025,3,4,3,,5.99,0.25523
2025,3,4,4,,6.05,0.30267
2025,3,4,5,,6.97,0.2849
2025,3,4,6,,7.65,0.678
2025,3,4,7,,7.68,0.66827
2025,3,4,8,,7.65,0.2836
2025,3,4,9,,7.78,0.30533
2025,3,4,10,,8.1,0.2676
2025,3,4,11,,8.39,0.29503
2025,3,4,12,,8.47,0.29413
2025,3,4,13,,8.44,1.34287
2025,3,4,14,,8.36,0.45713
2025,3,4,15,,7.63,1.90347
2025,3,4,16,,6.89,3.3447
2025,3,4,17,,6.39,4.08717
2025,3,4,18,,5.88,4.10613
2025,3,4,19,,5.53,5.43213
2025,3,4,20,,5.32,4.0962
2025,3,4,21,,5.25,3.9417
2025,3,4,22,,5.23,1.335
2025,3,4,23,,5.28,0.3179
2025,3,5,0,,5.37,0.3466
2025,3,5,1,,5.43,0.28197
2025,3,5,2,,5.39,0.30437
2025,3,5,3,,5.2,0.3086
2025,3,5,4,,4.94,0.27997
2025,3,5,5,,4.95,0.31693
2025,3,5,6,,5.52,1.5366
2025,3,5,7,,5.58,3.92613
2025,3,5,8,,5.86,1.9044
2025,3,5,9,,6.44,1.89177
2025,3,5,10,,6.74,1.3841
2025,3,5,11,,6.42,1.3662
2025,3,5,12,,6.03,0.72153
2025,3,5,13,,6.05,1.10543
2025,3,5,14,,6.24,2.5973
2025,3,5,15,,5.47,1.6635
2025,3,5,16,,5.09,2.50803
2025,3,5,17,,4.74,2.7113
2025,3,5,18,,4.36,3.35653
2025,3,5,19,,4.09,5.6449
2025,3,5,20,,4.1,4.20543
2025,3,5,21,,4.11,3.5115
2025,3,5,22,,3.92,2.17957
2025,3,5,23,,3.48,0.2862
2025,3,6,0,,2.94,0.28957
2025,3,6,1,,2.66,0.27683
2025,3,6,2,,2.81,0.2863
2025,3,6,3,,3.23,0.28317
2025,3,6,4,,3.53,0.27003
2025,3,6,5,,3.74,0.286
2025,3,6,6,,3.53,1.6043
2025,3,6,7,,3.16,2.5235
2025,3,6,8,,2.89,1.23663
2025,3,6,9,,2.6,0.865
2025,3,6,10,,2.63,0.85637
2025,3,6,11,,2.83,0.69917
2025,3,6,12,,3.3,0.4595
2025,3,6,13,,3.77,0.98773
2025,3,6,14,,3.75,0.40033
2025,3,6,15,,3.43,0.3804
2025,3,6,16,,3.96,0.4104
2025,3,6,17,,4.3,0.39963
2025,3,6,18,,4.31,0.7204
2025,3,6,19,,4.21,1.91387
2025,3,6,20,,3.93,2.67657
2025,3,6,21,,3.64,1.74217
2025,3,6,22,,3.52,0.4897
2025,3,6,23,,3.55,0.71743
2025,3,7,0,,3.7,0.66703
2025,3,7,1,,3.93,0.262
2025,3,7,2,,4.17,0.30677
2025,3,7,3,,4.32,0.26763
2025,3,7,4,,4.37,0.2699
2025,3,7,5,,4.75,0.29917
2025,3,7,6,,4.95,1.78127
2025,3,7,7,,5.47,1.77927
2025,3,7,8,,5.78,2.1682
2025,3,7,9,,6.0,2.1449
2025,3,7,10,,6.24,1.41383
2025,3,7,11,,6.58,1.69433
2025,3,7,12,,6.93,1.7733
2025,3,7,13,,7.12,1.41983
2025,3,7,14,,6.87,1.42253
2025,3,7,15,,5.86,1.35933
2025,3,7,16,,5.74,1.40527
2025,3,7,17,,5.44,0.35453
2025,3,7,18,,5.33,2.5424
2025,3,7,19,,5.55,4.85257
2025,3,7,20,,4.94,4.3651
2025,3,7,21,,5.11,3.23553
2025,3,7,22,,5.7,2.7918
2025,3,7,23,,5.55,1.01027
2025,3,8,0,,5.22,0.3621
2025,3,8,1,,5.2,0.3624
2025,3,8,2,,4.84,0.70733
2025,3,8,3,,4.93,0.6272
2025,3,8,4,,4.75,0.3812
2025,3,8,5,,4.82,0.3553
2025,3,8,6,,5.0,0.64737
2025,3,8,7,,5.08,2.39033
2025,3,8,8,,5.15,2.21247
2025,3,8,9,,5.09,1.0175
2025,3,8,10,,5.34,0.37977
2025,3,8,11,,5.81,0.35857
2025,3,8,12,,6.33,0.37353
2025,3,8,13,,6.82,0.35603
2025,3,8,14,,7.12,0.35797
2025,3,8,15,,6.85,0.39007
2025,3,8,16,,6.61,0.46057
2025,3,8,17,,6.83,0.85287
2025,3,8,18,,6.59,0.60773
2025,3,8,19,,6.21,3.5261
2025,3,8,20,,5.7,3.34867
2025,3,8,21,,5.22,3.23393
2025,3,8,22,,4.77,2.30243
2025,3,8,23,,4.53,0.59077
2025,3,9,0,,4.21,0.27717
2025,3,9,1,,3.98,0.3137
2025,3,9,2,,3.59,0.29693
2025,3,9,3,,3.2,0.29093
2025,3,9,4,,2.79,0.30183
2025,3,9,5,,2.74,0.26677
2025,3,9,6,,2.38,0.8121
2025,3,9,7,,1.92,1.9425
2025,3,9,8,,1.62,2.0169
2025,3,9,9,,1.36,2.1663
2025,3,9,10,,1.18,1.8763
2025,3,9,11,,1.17,1.76483
2025,3,9,12,,1.25,1.4069
2025,3,9,13,,1.24,1.4258
2025,3,9,14,,1.06,0.86153
2025,3,9,15,,0.62,0.39253
2025,3,9,16,,0.45,0.36617
2025,3,9,17,,0.53,0.3252
2025,3,9,18,,0.88,0.335
2025,3,9,19,,1.34,0.98247
2025,3,9,20,,1.7,0.36677
2025,3,9,21,,2.01,0.4536
2025,3,9,22,,2.28,1.02327
2025,3,9,23,,2.54,0.9447
2025,3,10,0,,2.75,0.33347
2025,3,10,1,,2.82,0.30047
2025,3,10,2,,2.71,0.2946
2025,3,10,3,,2.61,0.98963
2025,3,10,4,,2.66,0.2773
2025,3,10,5,,3.13,0.31397
2025,3,10,6,,3.65,0.28237
2025,3,10,7,,4.27,0.63383
2025,3,10,8,,4.5,1.2043
2025,3,10,9,,4.66,2.14687
2025,3,10,10,,4.88,3.11227
2025,3,10,11,,5.03,2.36343
2025,3,10,12,,4.98,1.81613
2025,3,10,13,,4.73,1.72193
2025,3,10,14,,3.97,2.17497
2025,3,10,15,,2.77,3.07337
2025,3,10,16,,2.81,2.22247
2025,3,10,17,,2.79,2.2086
2025,3,10,18,,2.91,0.9974
2025,3,10,19,,3.21,3.1012
2025,3,10,20,,3.61,2.17147
2025,3,10,21,,4.01,3.33683
2025,3,10,22,,4.41,3.41747
2025,3,10,23,,4.84,2.91753
2025,3,11,0,,5.15,2.44793
2025,3,11,1,,5.15,2.38397
2025,3,11,2,,5.08,2.40567
2025,3,11,3,,5.14,2.4315
2025,3,11,4,,5.24,2.41637
2025,3,11,5,,5.96,2.43173
2025,3,11,6,,6.45,3.0342
2025,3,11,7,,7.24,3.3676
2025,3,11,8,,8.16,2.40847
2025,3,11,9,,8.22,2.58607
2025,3,11,10,,8.19,1.36983
2025,3,11,11,,8.26,0.77367
2025,3,11,12,,8.29,1.74147
2025,3,11,13,,7.75,3.30767
2025,3,11,14,,6.62,1.5499
2025,3,11,15,,5.1,2.52297
2025,3,11,16,,4.95,1.6363
2025,3,11,17,,5.35,1.91703
2025,3,11,18,,5.74,2.83937
2025,3,11,19,,5.78,4.6315
2025,3,11,20,,5.73,3.4513
2025,3,11,21,,5.72,2.84997
2025,3,11,22,,5.62,2.52067
2025,3,11,23,,5.35,0.98547
2025,3,12,0,,5.0,0.30773
2025,3,12,1,,4.64,0.2915
2025,3,12,2,,4.3,0.30823
2025,3,12,3,,4.18,0.2859
2025,3,12,4,,4.25,0.28983
2025,3,12,5,,5.02,0.28533
2025,3,12,6,,5.83,0.83997
2025,3,12,7,,6.58,1.82233
2025,3,12,8,,7.62,2.21603
2025,3,12,9,,8.68,2.17693
2025,3,12,10,,8.49,1.88687
2025,3,12,11,,6.02,1.93047
2025,3,12,12,,3.69,1.64683
2025,3,12,13,,3.06,0.99783
2025,3,12,14,,2.84,1.17343
2025,3,12,15,,3.04,0.98203
2025,3,12,16,,3.82,1.26157
2025,3,12,17,,4.53,1.4912
2025,3,12,18,,4.95,1.3965
2025,3,12,19,,5.32,3.31143
2025,3,12,20,,4.98,2.33157
2025,3,12,21,,4.23,2.66373
2025,3,12,22,,3.6,2.2119
2025,3,12,23,,3.45,0.40197
2025,3,13,0,,3.54,0.3082
2025,3,13,1,,3.51,0.3025
2025,3,13,2,,3.62,0.2969
2025,3,13,3,,3.74,0.3
2025,3,13,4,,3.99,0.28863
2025,3,13,5,,4.42,0.30607
2025,3,13,6,,5.2,1.18623
2025,3,13,7,,5.95,1.5631
2025,3,13,8,,6.45,1.3439
2025,3,13,9,,6.72,0.7189
2025,3,13,10,,6.78,0.28233
2025,3,13,11,,6.67,0.3172
2025,3,13,12,,6.38,0.29163
2025,3,13,13,,5.62,0.28017
2025,3,13,14,,4.65,0.33277
2025,3,13,15,,4.95,0.27287
2025,3,13,16,,5.48,0.33417
2025,3,13,17,,5.54,0.97107
2025,3,13,18,,5.65,1.73833
2025,3,13,19,,5.4,3.45517
2025,3,13,20,,5.55,2.11587
2025,3,13,21,,6.01,0.64753
2025,3,13,22,,5.26,1.9877
2025,3,13,23,,4.82,1.86117
2025,3,14,0,,4.72,0.41873
2025,3,14,1,,4.64,0.35433
2025,3,14,2,,4.61,0.38287
2025,3,14,3,,4.61,0.36933
2025,3,14,4,,4.57,0.37263
2025,3,14,5,,5.13,0.34733
2025,3,14,6,,5.28,1.8482
2025,3,14,7,,5.39,1.59807
2025,3,14,8,,6.17,1.39383
2025,3,14,9,,6.43,1.3409
2025,3,14,10,,6.53,0.9049
2025,3,14,11,,6.61,0.97977
2025,3,14,12,,6.34,1.915
2025,3,14,13,,5.87,1.49833
2025,3,14,14,,4.87,0.9349
2025,3,14,15,,4.12,0.86733
2025,3,14,16,,4.46,0.3016
2025,3,14,17,,4.41,0.3981
2025,3,14,18,,4.41,0.6135
2025,3,14,19,,4.47,3.70647
2025,3,14,20,,4.46,2.83127
2025,3,14,21,,4.41,3.62447
2025,3,14,22,,4.41,1.6452
2025,3,14,23,,4.4,1.24233
2025,3,15,0,,4.31,0.58287
2025,3,15,1,,4.25,0.27253
2025,3,15,2,,4.21,0.3039
2025,3,15,3,,4.21,0.28593
2025,3,15,4,,4.18,0.76857
2025,3,15,5,,4.56,0.34713
2025,3,15,6,,5.13,1.73153
2025,3,15,7,,5.23,2.1025
2025,3,15,8,,5.46,1.3492
2025,3,15,9,,6.2,1.2241
2025,3,15,10,,6.65,1.79063
2025,3,15,11,,6.72,1.4723
2025,3,15,12,,6.42,0.46567
2025,3,15,13,,5.74,0.40903
2025,3,15,14,,4.37,0.79827
2025,3,15,15,,3.84,2.66593
2025,3,15,16,,4.02,0.88437
2025,3,15,17,,4.07,0.56597
2025,3,15,18,,4.21,2.09693
2025,3,15,19,,4.39,3.57627
2025,3,15,20,,4.65,3.3483
2025,3,15,21,,4.79,2.4114
2025,3,15,22,,4.81,1.2097
2025,3,15,23,,4.91,0.75053
2025,3,16,0,,5.31,0.78697
2025,3,16,1,,5.45,0.72993
2025,3,16,2,,5.63,0.77217
2025,3,16,3,,5.58,0.77193
2025,3,16,4,,5.19,0.74853
2025,3,16,5,,5.01,0.77163
2025,3,16,6,,4.96,1.30433
2025,3,16,7,,4.59,0.96993
2025,3,16,8,,4.46,1.9546
2025,3,16,9,,5.01,2.01523
2025,3,16,10,,5.7,1.38953
2025,3,16,11,,6.05,0.27887
2025,3,16,12,,6.28,0.32323
2025,3,16,13,,5.86,0.2808
2025,3,16,14,,5.33,0.3277
2025,3,16,15,,4.81,0.28053
2025,3,16,16,,4.86,0.32497
2025,3,16,17,,4.86,0.85313
2025,3,16,18,,4.93,3.43463
2025,3,16,19,,5.2,3.78157
2025,3,16,20,,4.62,1.7387
2025,3,16,21,,3.65,1.52737
2025,3,16,22,,2.84,1.89987
2025,3,16,23,,2.29,1.1014
2025,3,17,0,,1.64,0.514
2025,3,17,1,,1.01,0.3001
2025,3,17,2,,0.95,0.2762
2025,3,17,3,,1.04,0.2893
2025,3,17,4,,0.97,0.27083
2025,3,17,5,,0.78,0.28263
2025,3,17,6,,0.22,0.634
2025,3,17,7,,1.12,1.27007
2025,3,17,8,,2.04,1.78307
2025,3,17,9,,2.69,1.39727
2025,3,17,10,,3.14,1.70317
2025,3,17,11,,3.53,1.38263
2025,3,17,12,,3.96,1.5274
2025,3,17,13,,4.4,1.75027
2025,3,17,14,,4.78,1.49183
2025,3,17,15,,4.92,1.92767
2025,3,17,16,,4.69,0.85147
2025,3,17,17,,4.55,2.63717
2025,3,17,18,,4.42,2.10763
2025,3,17,19,,5.15,2.48377
2025,3,17,20,,6.21,4.12983
2025,3,17,21,,6.2,3.38097
2025,3,17,22,,5.67,1.1147
2025,3,17,23,,5.31,0.29553
2025,3,18,0,,4.97,0.31533
2025,3,18,1,,4.37,0.27593
2025,3,18,2,,3.77,0.33113
2025,3,18,3,,4.01,0.29947
2025,3,18,4,,4.88,0.31757
2025,3,18,5,,6.02,0.50967
2025,3,18,6,,6.87,1.6989
2025,3,18,7,,7.89,3.0028
2025,3,18,8,,8.86,3.09837
2025,3,18,9,,9.75,3.29253
2025,3,18,10,,10.66,3.5817
2025,3,18,11,,11.57,2.336
2025,3,18,12,,12.43,1.92467
2025,3,18,13,,13.14,1.19123
2025,3,18,14,,13.59,0.97657
2025,3,18,15,,13.37,0.42983
2025,3,18,16,,12.68,0.40797
2025,3,18,17,,11.91,0.45997
2025,3,18,18,,10.98,2.4544
2025,3,18,19,,10.24,4.1248
2025,3,18,20,,10.11,3.21763
2025,3,18,21,,9.88,2.8092
2025,3,18,22,,9.56,1.34933
2025,3,18,23,,8.81,1.11243
2025,3,19,0,,8.44,0.8892
2025,3,19,1,,8.56,0.79497
2025,3,19,2,,9.37,0.34417
2025,3,19,3,,10.01,0.27513
2025,3,19,4,,10.33,0.29
2025,3,19,5,,11.3,0.2904
2025,3,19,6,,11.69,1.1792
2025,3,19,7,,11.94,1.97957
2025,3,19,8,,11.92,1.88933
2025,3,19,9,,11.75,1.74153
2025,3,19,10,,11.56,1.62357
2025,3,19,11,,11.27,1.13473
2025,3,19,12,,10.88,0.47683
2025,3,19,13,,10.43,0.47707
2025,3,19,14,,9.78,1.8425
2025,3,19,15,,8.54,1.5519
2025,3,19,16,,6.59,1.53113
2025,3,19,17,,5.69,1.40047
2025,3,19,18,,4.93,1.46367
2025,3,19,19,,4.45,3.40657
2025,3,19,20,,3.97,4.10207
2025,3,19,21,,3.53,3.95397
2025,3,19,22,,3.3,2.088
2025,3,19,23,,3.28,1.14933
2025,3,20,0,,3.43,0.31237
2025,3,20,1,,3.71,0.63837
2025,3,20,2,,3.98,0.60807
2025,3,20,3,,4.23,0.28717
2025,3,20,4,,4.5,0.29663
2025,3,20,5,,5.74,0.2734
2025,3,20,6,,6.83,1.0348
2025,3,20,7,,8.0,1.97363
2025,3,20,8,,8.66,2.52123
2025,3,20,9,,8.72,2.0329
2025,3,20,10,,8.64,2.33423
2025,3,20,11,,8.47,2.0453
2025,3,20,12,,8.27,1.64127
2025,3,20,13,,8.19,0.83803
2025,3,20,14,,7.97,0.3249
2025,3,20,15,,7.06,0.2832
2025,3,20,16,,5.37,0.39753
2025,3,20,17,,5.06,0.3066
2025,3,20,18,,4.88,1.0046
2025,3,20,19,,4.77,3.18513
2025,3,20,20,,4.54,2.29277
2025,3,20,21,,4.41,5.2927
2025,3,20,22,,4.34,3.42153
2025,3,20,23,,4.33,1.4241
2025,3,21,0,,4.34,1.3963
2025,3,21,1,,4.37,1.3607
2025,3,21,2,,4.42,0.46923
2025,3,21,3,,4.34,0.31503
2025,3,21,4,,4.04,0.28397
2025,3,21,5,,4.53,0.31567
2025,3,21,6,,4.81,0.62503
2025,3,21,7,,4.74,1.27467
2025,3,21,8,,4.58,1.5601
2025,3,21,9,,4.55,1.3327
2025,3,21,10,,4.66,1.41987
2025,3,21,11,,4.85,1.86837
2025,3,21,12,,5.11,2.42737
2025,3,21,13,,5.36,1.74623
2025,3,21,14,,5.42,1.40743
2025,3,21,15,,4.3,1.208
2025,3,21,16,,3.42,0.861
2025,3,21,17,,3.07,1.87967
2025,3,21,18,,2.66,1.02657
2025,3,21,19,,2.34,3.04247
2025,3,21,20,,2.21,2.53157
2025,3,21,21,,2.1,1.9094
2025,3,21,22,,1.87,2.9122
2025,3,21,23,,1.5,2.528
2025,3,22,0,,0.92,2.07103
2025,3,22,1,,0.15,0.57227
2025,3,22,2,,0.54,0.3028
2025,3,22,3,,0.88,0.2863
2025,3,22,4,,0.89,0.28453
2025,3,22,5,,0.87,0.2976
2025,3,22,6,,0.76,1.30463
2025,3,22,7,,0.61,2.28343
2025,3,22,8,,0.84,1.609
2025,3,22,9,,1.13,1.3746
2025,3,22,10,,1.21,1.33047
2025,3,22,11,,1.26,1.26897
2025,3,22,12,,1.21,0.29263
2025,3,22,13,,0.92,0.29287
2025,3,22,14,,0.25,0.45367
2025,3,22,15,,0.63,0.3483
2025,3,22,16,,1.32,0.4587
2025,3,22,17,,2.26,0.91693
2025,3,22,18,,3.11,0.5725
2025,3,22,19,,3.58,1.54927
2025,3,22,20,,3.58,0.38213
2025,3,22,21,,3.18,2.5913
2025,3,22,22,,2.54,2.00377
2025,3,22,23,,1.99,1.40193
2025,3,23,0,,1.89,1.39247
2025,3,23,1,,2.08,0.97833
2025,3,23,2,,2.19,0.2901
2025,3,23,3,,2.37,0.2662
2025,3,23,4,,2.59,0.2676
2025,3,23,5,,3.01,0.27647
2025,3,23,6,,3.4,1.22227
2025,3,23,7,,3.79,1.9694
2025,3,23,8,,4.21,1.3058
2025,3,23,9,,4.36,1.33703
2025,3,23,10,,4.64,0.57913
2025,3,23,11,,5.0,0.27167
2025,3,23,12,,4.34,0.31637
2025,3,23,13,,3.54,0.25887
2025,3,23,14,,2.5,0.31077
2025,3,23,15,,2.58,0.29017
2025,3,23,16,,3.13,0.54277
2025,3,23,17,,3.99,0.7478
2025,3,23,18,,4.54,1.4006
2025,3,23,19,,5.15,1.60933
2025,3,23,20,,5.58,2.17367
2025,3,23,21,,5.03,1.5232
2025,3,23,22,,4.51,1.74103
2025,3,23,23,,5.25,0.74577
2025,3,24,0,,6.72,0.2784
2025,3,24,1,,7.26,0.7553
2025,3,24,2,,6.83,0.40623
2025,3,24,3,,5.98,0.28183
2025,3,24,4,,5.91,0.26987
2025,3,24,5,,6.61,0.29417
2025,3,24,6,,7.23,0.24523
2025,3,24,7,,8.42,0.9754
2025,3,24,8,,9.34,1.54037
2025,3,24,9,,9.07,2.51753
2025,3,24,10,,8.41,1.98203
2025,3,24,11,,7.71,1.65207
2025,3,24,12,,7.02,2.12847
2025,3,24,13,,6.17,1.96277
2025,3,24,14,,5.17,2.6257
2025,3,24,15,,4.83,3.24523
2025,3,24,16,,5.6,2.4816
2025,3,24,17,,6.32,2.4093
2025,3,24,18,,5.91,3.0232
2025,3,24,19,,5.83,5.01587
2025,3,24,20,,6.21,3.8878
2025,3,24,21,,6.46,3.2403
2025,3,24,22,,6.3,4.11787
2025,3,24,23,,5.78,4.1373
2025,3,25,0,,4.99,2.37653
2025,3,25,1,,4.94,2.32263
2025,3,25,2,,5.16,2.35973
2025,3,25,3,,6.17,2.35833
2025,3,25,4,,5.64,2.3921
2025,3,25,5,,6.1,2.5013
2025,3,25,6,,6.16,2.90117
2025,3,25,7,,5.48,2.32213
2025,3,25,8,,5.41,2.8779
2025,3,25,9,,5.67,2.6818
2025,3,25,10,,6.21,2.0568
2025,3,25,11,,6.88,0.67647
2025,3,25,12,,7.13,1.8676
2025,3,25,13,,6.71,1.77817
2025,3,25,14,,5.54,2.49553
2025,3,25,15,,4.26,1.82177
2025,3,25,16,,4.22,2.25137
2025,3,25,17,,4.25,0.35054
2025,3,25,18,,4.28,1.253
2025,3,25,19,,4.08,3.745
2025,3,25,20,,3.88,4.44677
2025,3,25,21,,4.04,3.52053
2025,3,25,22,,4.11,2.81807
2025,3,25,23,,3.96,1.43267
2025,3,26,0,,3.92,1.2643
2025,3,26,1,,3.81,0.29773
2025,3,26,2,,3.98,0.3271
2025,3,26,3,,3.98,0.2736
2025,3,26,4,,4.09,0.27843
2025,3,26,5,,4.73,0.32357
2025,3,26,6,,4.81,0.58453
2025,3,26,7,,4.95,2.5576
2025,3,26,8,,4.95,1.57637
2025,3,26,9,,4.48,1.8652
2025,3,26,10,,3.98,1.59917
2025,3,26,11,,3.63,1.56557
2025,3,26,12,,3.2,1.0038
2025,3,26,13,,2.47,1.2699
2025,3,26,14,,1.57,0.8842
2025,3,26,15,,0.57,0.29373
2025,3,26,16,,0.59,0.30847
2025,3,26,17,,1.46,0.32103
2025,3,26,18,,1.99,0.37547
2025,3,26,19,,2.05,0.92253
2025,3,26,20,,1.57,2.16573
2025,3,26,21,,0.92,1.7705
2025,3,26,22,,0.71,1.38447
2025,3,26,23,,1.16,0.38837
2025,3,27,0,,1.75,0.30883
2025,3,27,1,,1.84,0.26437
2025,3,27,2,,1.83,0.46847
2025,3,27,3,,1.93,0.73393
2025,3,27,4,,1.97,0.29217
2025,3,27,5,,2.11,0.28487
2025,3,27,6,,2.43,0.59453
2025,3,27,7,,2.67,1.28493
2025,3,27,8,,3.01,1.32923
2025,3,27,9,,3.39,0.4894
2025,3,27,10,,3.39,0.27953
2025,3,27,11,,3.27,0.2838
2025,3,27,12,,4.01,0.2989
2025,3,27,13,,4.87,0.27233
2025,3,27,14,,5.28,0.3302
2025,3,27,15,,4.47,0.29303
2025,3,27,16,,3.72,0.40543
2025,3,27,17,,3.79,0.81037
2025,3,27,18,,4.39,0.48073
2025,3,27,19,,4.99,1.5816
2025,3,27,20,,5.59,2.87467
2025,3,27,21,,6.02,2.90333
2025,3,27,22,,6.06,1.21827
2025,3,27,23,,5.76,0.33607
2025,3,28,0,,5.28,0.2928
2025,3,28,1,,4.69,0.92407
2025,3,28,2,,4.07,0.34503
2025,3,28,3,,3.29,0.2843
2025,3,28,4,,2.05,0.31203
2025,3,28,5,,1.21,0.28457
2025,3,28,6,,2.9,1.21527
2025,3,28,7,,4.47,2.4086
2025,3,28,8,,4.95,2.1081
2025,3,28,9,,4.29,1.93417
2025,3,28,10,,3.31,1.35717
2025,3,28,11,,2.59,1.90343
2025,3,28,12,,3.11,1.41123
2025,3,28,13,,3.76,2.37607
2025,3,28,14,,4.02,3.3282
2025,3,28,15,,4.63,2.20353
2025,3,28,16,,2.25,3.12653
2025,3,28,17,,2.46,0.86107
2025,3,28,18,,2.38,0.3857
2025,3,28,19,,1.61,2.6782
2025,3,28,20,,1.08,2.75297
2025,3,28,21,,1.01,4.0896
2025,3,28,22,,1.12,1.92283
2025,3,28,23,,1.43,0.39283
2025,3,29,0,,1.68,0.31367
2025,3,29,1,,1.93,0.34233
2025,3,29,2,,1.89,0.3084
2025,3,29,3,,1.99,0.34327
2025,3,29,4,,2.22,0.30613
2025,3,29,5,,2.9,0.89303
2025,3,29,6,,3.54,1.55963
2025,3,29,7,,4.15,2.21107
2025,3,29,8,,4.08,1.38523
2025,3,29,9,,3.96,1.33943
2025,3,29,10,,3.79,0.7244
2025,3,29,11,,3.65,0.28963
2025,3,29,12,,3.57,0.32607
2025,3,29,13,,3.54,0.29513
2025,3,29,14,,3.26,0.32537
2025,3,29,15,,2.43,0.30013
2025,3,29,16,,2.19,0.30267
2025,3,29,17,,2.24,0.6556
2025,3,29,18,,2.29,1.79807
2025,3,29,19,,2.35,2.60667
2025,3,29,20,,2.4,3.01937
2025,3,29,21,,2.61,3.37193
2025,3,29,22,,2.87,2.63173
2025,3,29,23,,3.08,0.8578
2025,3,30,0,,3.23,0.3484
2025,3,30,1,,3.25,0.31173
2025,3,30,2,,3.08,0.30253
2025,3,30,3,,2.59,0.34987
2025,3,30,4,,1.9,0.297
2025,3,30,5,,1.58,0.2958
2025,3,30,6,,1.26,1.12797
2025,3,30,7,,0.93,2.5133
2025,3,30,8,,0.51,2.00723
2025,3,30,9,,0.28,1.40487
2025,3,30,10,,0.61,1.48017
2025,3,30,11,,0.88,0.55413
2025,3,30,12,,0.95,0.92983
2025,3,30,13,,1.5,1.53607
2025,3,30,14,,2.26,0.93923
2025,3,30,15,,2.73,0.29613
2025,3,30,16,,2.65,0.31557
2025,3,30,17,,2.89,0.46603
2025,3,30,18,,3.01,0.3478
2025,3,30,19,,2.96,1.00927
2025,3,30,20,,2.83,2.21373
2025,3,30,21,,2.62,2.1831
2025,3,30,22,,2.42,1.58623
2025,3,30,23,,2.35,0.55723
2025,3,31,0,,2.34,0.37467
2025,3,31,1,,2.51,0.36487
2025,3,31,2,,2.4,1.60733
2025,3,31,3,,2.02,2.4564
2025,3,31,4,,2.02,2.40923
2025,3,31,5,,1.94,2.417
2025,3,31,6,,1.88,2.48153
2025,3,31,7,,2.23,2.9945
2025,3,31,8,,2.27,2.3473
2025,3,31,9,,1.87,2.032
2025,3,31,10,,0.97,5.16107
2025,3,31,11,,0.34,1.8562
2025,3,31,12,,0.39,1.511
2025,3,31,13,,0.62,1.72
2025,3,31,14,,0.45,2.28613
2025,3,31,15,,1.93,2.5679
2025,3,31,16,,2.99,2.2105
2025,3,31,17,,3.34,2.0474
2025,3,31,18,,3.48,4.06117
2025,3,31,19,,4.04,3.47327
2025,3,31,20,,3.97,4.76603
2025,3,31,21,,3.87,2.55967
2025,3,31,22,,3.79,2.31007
2025,3,31,23,,3.68,2.4766
2025,4,1,0,,3.63,2.3245
2025,4,1,1,,3.94,1.9731
2025,4,1,2,,4.38,1.77313
2025,4,1,3,,3.94,1.15943
2025,4,1,4,,3.85,0.293
2025,4,1,5,,3.9,0.3035
2025,4,1,6,,3.42,0.32287
2025,4,1,7,,3.44,0.91957
2025,4,1,8,,4.13,2.37907
2025,4,1,9,,4.32,1.65003
2025,4,1,10,,4.45,1.8921
2025,4,1,11,,5.42,1.82203
2025,4,1,12,,5.7,1.56653
2025,4,1,13,,5.66,1.392
2025,4,1,14,,5.58,1.4558
2025,4,1,15,,5.56,1.46557
2025,4,1,16,,5.73,0.34977
2025,4,1,17,,5.64,3.8601
2025,4,1,18,,5.58,3.5976
2025,4,1,19,,5.76,3.31293
2025,4,1,20,,5.9,2.20983
2025,4,1,21,,5.89,3.94737
2025,4,1,22,,4.87,4.24103
2025,4,1,23,,3.59,2.22167
2025,4,2,0,,2.76,1.3777
2025,4,2,1,,2.36,1.36517
2025,4,2,2,,1.94,0.78517
2025,4,2,3,,1.72,0.29347
2025,4,2,4,,1.87,0.282
2025,4,2,5,,1.79,0.33563
2025,4,2,6,,1.48,0.6454
2025,4,2,7,,1.44,2.06177
2025,4,2,8,,1.64,1.85157
2025,4,2,9,,1.94,1.48267
2025,4,2,10,,2.59,1.30993
2025,4,2,11,,3.47,1.3743
2025,4,2,12,,4.38,1.32383
2025,4,2,13,,5.13,1.43213
2025,4,2,14,,5.66,1.4159
2025,4,2,15,,5.88,0.5742
2025,4,2,16,,5.74,0.28927
2025,4,2,17,,5.34,0.32627
2025,4,2,18,,5.19,0.64997
2025,4,2,19,,5.04,2.41887
2025,4,2,20,,4.85,2.5702
2025,4,2,21,,4.76,3.14297
2025,4,2,22,,4.49,3.3631
2025,4,2,23,,4.26,2.00817
2025,4,3,0,,4.06,0.33053
2025,4,3,1,,3.81,0.29373
2025,4,3,2,,3.63,0.31543
2025,4,3,3,,3.28,0.29687
2025,4,3,4,,3.04,0.2885
2025,4,3,5,,2.86,0.30007
2025,4,3,6,,2.34,0.67313
2025,4,3,7,,1.75,3.14623
2025,4,3,8,,1.38,1.41103
2025,4,3,9,,1.37,1.3817
2025,4,3,10,,1.57,1.37667
2025,4,3,11,,1.75,1.23383
2025,4,3,12,,1.88,0.35253
2025,4,3,13,,1.97,0.28237
2025,4,3,14,,1.93,0.28227
2025,4,3,15,,1.79,0.355
2025,4,3,16,,1.73,0.28377
2025,4,3,17,,2.13,0.2969
2025,4,3,18,,2.53,1.47963
2025,4,3,19,,2.86,4.56563
2025,4,3,20,,3.03,1.83403
2025,4,3,21,,3.04,2.30737
2025,4,3,22,,2.97,3.16887
2025,4,3,23,,2.84,1.12423
2025,4,4,0,,2.69,0.29367
2025,4,4,1,,2.59,0.3337
2025,4,4,2,,2.61,0.2926
2025,4,4,3,,2.67,0.26903
2025,4,4,4,,3.01,0.3209
2025,4,4,5,,3.18,0.2826
2025,4,4,6,,3.41,1.3503
2025,4,4,7,,3.3,1.90203
2025,4,4,8,,3.29,1.9694
2025,4,4,9,,3.42,1.47027
2025,4,4,10,,3.75,1.31137
2025,4,4,11,,4.04,1.45787
2025,4,4,12,,4.27,1.6333
2025,4,4,13,,4.34,1.4345
2025,4,4,14,,4.2,2.08783
2025,4,4,15,,3.83,2.74443
2025,4,4,16,,3.1,2.1897
2025,4,4,17,,3.17,0.35293
2025,4,4,18,,2.98,1.45943
2025,4,4,19,,2.67,1.96307
2025,4,4,20,,2.38,1.49693
2025,4,4,21,,2.07,3.79587
2025,4,4,22,,1.88,2.42933
2025,4,4,23,,1.78,1.35673
2025,4,5,0,,1.45,0.3197
2025,4,5,1,,1.21,0.30483
2025,4,5,2,,1.19,0.2763
2025,4,5,3,,1.4,0.26683
2025,4,5,4,,1.73,0.3255
2025,4,5,5,,1.91,0.2753
2025,4,5,6,,2.12,0.59203
2025,4,5,7,,2.15,2.8373
2025,4,5,8,,2.02,1.91003
2025,4,5,9,,1.96,1.54817
2025,4,5,10,,2.13,1.71637
2025,4,5,11,,2.65,1.4853
2025,4,5,12,,3.28,0.47673
2025,4,5,13,,3.81,0.3733
2025,4,5,14,,4.21,0.45383
2025,4,5,15,,4.21,0.51517
2025,4,5,16,,3.47,0.45937
2025,4,5,17,,3.51,0.5125
2025,4,5,18,,3.56,0.4661
2025,4,5,19,,3.72,2.68887
2025,4,5,20,,3.92,4.05553
2025,4,5,21,,4.2,4.75263
2025,4,5,22,,4.56,2.68543
2025,4,5,23,,4.87,1.4375
2025,4,6,0,,5.16,1.31087
2025,4,6,1,,5.51,0.3618
2025,4,6,2,,6.22,0.3169
2025,4,6,3,,6.93,0.34343
2025,4,6,4,,8.22,0.3616
2025,4,6,5,,8.96,0.3147
2025,4,6,6,,9.7,0.58433
2025,4,6,7,,9.89,1.9139
2025,4,6,8,,9.54,1.9049
2025,4,6,9,,8.65,1.37403
2025,4,6,10,,7.58,1.35663
2025,4,6,11,,6.71,1.3402
2025,4,6,12,,5.55,0.31413
2025,4,6,13,,4.88,0.3061
2025,4,6,14,,8.21,0.3037
2025,4,6,15,,10.03,0.30373
2025,4,6,16,,9.21,0.47523
2025,4,6,17,,8.6,1.42537
2025,4,6,18,,8.35,3.19457
2025,4,6,19,,8.13,2.22087
2025,4,6,20,,7.81,0.63667
2025,4,6,21,,7.31,2.33477
2025,4,6,22,,6.75,2.40727
2025,4,6,23,,6.32,1.27997
2025,4,7,0,,5.97,0.9913
2025,4,7,1,,5.71,0.45343
2025,4,7,2,,5.88,0.2938
2025,4,7,3,,6.37,0.3004
2025,4,7,4,,6.83,0.3558
2025,4,7,5,,6.72,0.8981
2025,4,7,6,,6.46,0.2928
2025,4,7,7,,6.17,0.71623
2025,4,7,8,,6.69,0.69107
2025,4,7,9,,8.41,1.7694
2025,4,7,10,,9.16,2.09883
2025,4,7,11,,8.5,2.7292
2025,4,7,12,,7.89,0.50247
2025,4,7,13,,7.33,0.32797
2025,4,7,14,,7.09,0.29717
2025,4,7,15,,7.25,0.48973
2025,4,7,16,,7.19,0.57553
2025,4,7,17,,6.75,0.36893
2025,4,7,18,,6.54,0.96913
2025,4,7,19,,6.39,0.4204
2025,4,7,20,,5.96,0.34413
2025,4,7,21,,5.39,3.29703
2025,4,7,22,,5.08,3.338
2025,4,7,23,,4.93,3.37787
2025,4,8,0,,4.77,2.79077
2025,4,8,1,,4.67,2.299
2025,4,8,2,,4.63,2.34483
2025,4,8,3,,4.61,2.3959
2025,4,8,4,,4.73,2.3291
2025,4,8,5,,5.59,2.27863
2025,4,8,6,,5.67,1.8304
2025,4,8,7,,5.76,0.90483
2025,4,8,8,,6.01,0.58443
2025,4,8,9,,6.23,1.28863
2025,4,8,10,,6.51,0.70267
2025,4,8,11,,6.93,0.6233
2025,4,8,12,,7.3,0.56853
2025,4,8,13,,7.54,0.82903
2025,4,8,14,,7.66,1.34863
2025,4,8,15,,7.56,0.71993
2025,4,8,16,,6.62,0.26277
2025,4,8,17,,5.97,0.29627
2025,4,8,18,,5.58,0.32733
2025,4,8,19,,5.36,0.25953
2025,4,8,20,,5.26,0.30013
2025,4,8,21,,5.22,0.31897
2025,4,8,22,,5.11,0.2623
2025,4,8,23,,4.92,0.94767
2025,4,9,0,,4.77,0.32547
2025,4,9,1,,4.74,0.27953
2025,4,9,2,,4.73,0.27813
2025,4,9,3,,4.76,0.32317
2025,4,9,4,,4.96,0.2827
2025,4,9,5,,5.85,0.27107
2025,4,9,6,,5.95,0.33263
2025,4,9,7,,5.74,0.27613
2025,4,9,8,,5.36,0.2738
2025,4,9,9,,4.91,0.4447
2025,4,9,10,,4.42,0.92583
2025,4,9,11,,4.0,0.28287
2025,4,9,12,,3.61,0.31873
2025,4,9,13,,3.3,0.27037
2025,4,9,14,,3.02,0.30603
2025,4,9,15,,2.6,1.18197
2025,4,9,16,,2.08,1.10093
2025,4,9,17,,2.16,1.43627
2025,4,9,18,,2.12,0.98987
2025,4,9,19,,2.03,2.41473
2025,4,9,20,,2.2,1.6264
2025,4,9,21,,2.58,1.60673
2025,4,9,22,,3.07,0.82667
2025,4,9,23,,3.61,0.30727
2025,4,10,0,,4.14,0.3084
2025,4,10,1,,4.58,0.28373
2025,4,10,2,,4.92,0.31117
2025,4,10,3,,5.21,0.3151
2025,4,10,4,,5.58,0.2681
2025,4,10,5,,6.95,0.8153
2025,4,10,6,,7.4,0.3912
2025,4,10,7,,7.54,0.26403
2025,4,10,8,,7.76,0.3317
2025,4,10,9,,7.98,0.28627
2025,4,10,10,,8.17,0.273
2025,4,10,11,,8.45,0.3255
2025,4,10,12,,8.92,0.28157
2025,4,10,13,,9.34,0.2886
2025,4,10,14,,9.21,0.32147
2025,4,10,15,,8.24,0.28497
2025,4,10,16,,8.21,1.03583
2025,4,10,17,,8.74,0.39983
2025,4,10,18,,9.13,0.56243
2025,4,10,19,,9.09,0.5369
2025,4,10,20,,8.15,1.04
2025,4,10,21,,8.91,1.0301
2025,4,10,22,,11.76,1.18267
2025,4,10,23,,9.27,1.8182
2025,4,11,0,,8.28,1.49547
2025,4,11,1,,7.27,1.09543
2025,4,11,2,,6.11,0.38733
2025,4,11,3,,5.23,0.3467
2025,4,11,4,,5.66,0.35583
2025,4,11,5,,5.87,0.36323
2025,4,11,6,,5.51,0.3567
2025,4,11,7,,5.21,0.3621
2025,4,11,8,,5.2,0.3491
2025,4,11,9,,4.86,1.4643
2025,4,11,10,,3.84,1.57743
2025,4,11,11,,2.96,1.36713
2025,4,11,12,,3.03,1.3171
2025,4,11,13,,3.7,0.28307
2025,4,11,14,,4.52,0.28523
2025,4,11,15,,5.23,0.33723
2025,4,11,16,,5.22,0.28753
2025,4,11,17,,5.6,0.2903
2025,4,11,18,,5.46,0.33113
2025,4,11,19,,5.48,0.28233
2025,4,11,20,,5.75,0.28547
2025,4,11,21,,6.09,0.32633
2025,4,11,22,,6.56,0.974
2025,4,11,23,,7.09,0.27087
2025,4,12,0,,7.15,0.3388
2025,4,12,1,,6.56,0.27313
2025,4,12,2,,6.08,0.26847
2025,4,12,3,,6.23,0.35313
2025,4,12,4,,6.55,0.2677
2025,4,12,5,,6.43,0.2763
2025,4,12,6,,5.51,0.33537
2025,4,12,7,,4.09,0.2729
2025,4,12,8,,2.55,0.2931
2025,4,12,9,,2.0,0.86633
2025,4,12,10,,3.43,0.58623
2025,4,12,11,,5.25,0.3085
2025,4,12,12,,6.26,0.30987
2025,4,12,13,,6.85,0.27183
2025,4,12,14,,7.15,0.30027
2025,4,12,15,,6.66,0.31197
2025,4,12,16,,4.76,0.28587
2025,4,12,17,,3.75,0.29047
2025,4,12,18,,3.1,0.32503
2025,4,12,19,,2.5,0.27997
2025,4,12,20,,1.9,0.28967
2025,4,12,21,,1.44,1.01553
2025,4,12,22,,1.13,0.5554
2025,4,12,23,,1.11,0.28593
2025,4,13,0,,1.48,0.33013
2025,4,13,1,,1.99,0.2662
2025,4,13,2,,2.41,0.3055
2025,4,13,3,,2.47,0.31867
2025,4,13,4,,2.59,0.26017
2025,4,13,5,,2.23,0.32023
2025,4,13,6,,1.84,0.3113
2025,4,13,7,,1.5,0.26517
2025,4,13,8,,1.23,0.30977
2025,4,13,9,,1.07,0.79403
2025,4,13,10,,0.95,0.7739
2025,4,13,11,,0.9,0.3045
2025,4,13,12,,1.0,0.31253
2025,4,13,13,,1.2,0.29087
2025,4,13,14,,1.45,0.29547
2025,4,13,15,,1.55,0.30743
2025,4,13,16,,1.55,0.30033
2025,4,13,17,,2.05,0.29067
2025,4,13,18,,2.63,0.31497
2025,4,13,19,,2.93,0.27933
2025,4,13,20,,3.08,0.3047
2025,4,13,21,,3.05,0.54063
2025,4,13,22,,2.61,1.06217
2025,4,13,23,,1.85,0.32503
2025,4,14,0,,1.27,0.3115
2025,4,14,1,,1.57,0.25917
2025,4,14,2,,2.53,0.3292
2025,4,14,3,,2.94,0.30887
2025,4,14,4,,2.83,0.2648
2025,4,14,5,,3.08,0.33243
2025,4,14,6,,3.33,0.30667
2025,4,14,7,,3.55,0.26853
2025,4,14,8,,3.67,0.3262
2025,4,14,9,,3.79,0.2918
2025,4,14,10,,4.07,0.94447
2025,4,14,11,,4.42,0.64637
2025,4,14,12,,4.81,0.28667
2025,4,14,13,,5.25,0.30347
2025,4,14,14,,5.83,0.3112
2025,4,14,15,,6.43,0.29303
2025,4,14,16,,6.37,0.2846
2025,4,14,17,,5.9,0.32017
2025,4,14,18,,5.45,0.3015
2025,4,14,19,,4.93,0.2695
2025,4,14,20,,4.63,0.34197
2025,4,14,21,,4.57,0.3053
2025,4,14,22,,4.49,0.47517
2025,4,14,23,,4.15,1.15523
2025,4,15,0,,3.84,0.30373
2025,4,15,1,,3.86,0.26267
2025,4,15,2,,4.14,0.34247
2025,4,15,3,,4.08,0.30203
2025,4,15,4,,4.43,0.2712
2025,4,15,5,,4.44,0.34697
2025,4,15,6,,4.17,0.28563
2025,4,15,7,,3.76,0.2877
2025,4,15,8,,3.52,0.3351
2025,4,15,9,,3.52,0.27563
2025,4,15,10,,3.48,0.29727
2025,4,15,11,,3.64,0.84083
2025,4,15,12,,4.05,0.7466
2025,4,15,13,,4.36,0.29583
2025,4,15,14,,4.55,0.60683
2025,4,15,15,,4.49,1.68907
2025,4,15,16,,3.9,0.80897
2025,4,15,17,,4.33,0.23667
2025,4,15,18,,4.46,0.24403
2025,4,15,19,,4.27,0.21557
2025,4,15,20,,4.07,0.20453
2025,4,15,21,,3.77,0.33073
2025,4,15,22,,3.37,1.78783
2025,4,15,23,,3.06,0.78483
2025,4,16,0,,2.96,0.22457
2025,4,16,1,,2.85,0.2228
2025,4,16,2,,2.81,0.19723
2025,4,16,3,,2.9,0.2225
2025,4,16,4,,3.55,0.21603
2025,4,16,5,,3.56,0.19283
2025,4,16,6,,3.41,0.227
2025,4,16,7,,3.15,0.8112
2025,4,16,8,,2.85,1.25223
2025,4,16,9,,2.57,0.46427
2025,4,16,10,,2.74,0.20353
2025,4,16,11,,3.22,0.22703
2025,4,16,12,,3.78,0.58957
2025,4,16,13,,4.32,0.26667
2025,4,16,14,,4.81,0.30383
2025,4,16,15,,5.01,0.36057
2025,4,16,16,,4.51,0.3592
2025,4,16,17,,4.81,1.28067
2025,4,16,18,,4.88,1.0059
2025,4,16,19,,4.26,0.25297
2025,4,16,20,,3.76,1.3047
2025,4,16,21,,3.57,2.90347
2025,4,16,22,,3.59,1.59513
2025,4,16,23,,3.77,1.18927
2025,4,17,0,,3.99,0.2829
2025,4,17,1,,4.17,0.2472
2025,4,17,2,,4.28,0.26617
2025,4,17,3,,4.21,0.27603
2025,4,17,4,,4.77,0.25943
2025,4,17,5,,4.62,0.26187
2025,4,17,6,,4.64,0.70113
2025,4,17,7,,4.9,1.8215
2025,4,17,8,,5.11,1.33253
2025,4,17,9,,5.42,1.2977
2025,4,17,10,,5.82,1.2908
2025,4,17,11,,6.17,0.89283
2025,4,17,12,,6.46,0.2699
2025,4,17,13,,6.6,0.39713
2025,4,17,14,,6.52,0.25817
2025,4,17,15,,6.29,0.25803
2025,4,17,16,,6.17,0.33107
2025,4,17,17,,6.3,0.66843
2025,4,17,18,,5.94,0.3401
2025,4,17,19,,5.27,0.9338
2025,4,17,20,,4.57,2.72067
2025,4,17,21,,4.5,1.99487
2025,4,17,22,,4.63,2.03933
2025,4,17,23,,4.56,1.25397
2025,4,18,0,,4.37,1.0819
2025,4,18,1,,4.26,0.21447
2025,4,18,2,,4.26,0.20193
2025,4,18,3,,4.25,0.2096
2025,4,18,4,,4.92,0.21177
2025,4,18,5,,4.71,0.20273
2025,4,18,6,,4.09,0.93857
2025,4,18,7,,3.44,1.58417
2025,4,18,8,,2.97,1.16693
2025,4,18,9,,2.8,0.66487
2025,4,18,10,,3.36,1.46713
2025,4,18,11,,4.68,0.545
2025,4,18,12,,6.05,1.01523
2025,4,18,13,,6.19,0.24227
2025,4,18,14,,5.43,0.44493
2025,4,18,15,,4.06,0.24107
2025,4,18,16,,2.52,0.22183
2025,4,18,17,,2.8,0.2499
2025,4,18,18,,3.58,0.61583
2025,4,18,19,,3.94,0.58433
2025,4,18,20,,4.1,0.44323
2025,4,18,21,,3.8,1.81147
2025,4,18,22,,3.21,1.58137
2025,4,18,23,,2.45,0.6969
2025,4,19,0,,1.86,0.57057
2025,4,19,1,,1.48,0.61423
2025,4,19,2,,1.22,1.01517
2025,4,19,3,,1.01,0.367
2025,4,19,4,,1.12,0.3637
2025,4,19,5,,1.15,0.37537
2025,4,19,6,,1.46,0.35803
2025,4,19,7,,1.74,1.49507
2025,4,19,8,,2.09,1.2647
2025,4,19,9,,2.28,1.04077
2025,4,19,10,,2.32,0.25153
2025,4,19,11,,2.42,0.62383
2025,4,19,12,,2.48,1.26017
2025,4,19,13,,2.5,1.0357
2025,4,19,14,,2.64,0.74147
2025,4,19,15,,2.79,0.1934
2025,4,19,16,,3.02,0.20133
2025,4,19,17,,3.63,0.24947
2025,4,19,18,,3.98,1.07597
2025,4,19,19,,3.91,0.82957
2025,4,19,20,,3.39,1.41057
2025,4,19,21,,2.58,1.01043
2025,4,19,22,,1.98,0.6068
2025,4,19,23,,1.77,0.18947
2025,4,20,0,,1.57,0.21453
2025,4,20,1,,1.5,0.20897
2025,4,20,2,,1.51,0.1967
2025,4,20,3,,1.46,0.19983
2025,4,20,4,,1.52,0.80233
2025,4,20,5,,1.27,0.21827
2025,4,20,6,,1.45,0.30013
2025,4,20,7,,1.62,1.78793
2025,4,20,8,,1.75,0.53133
2025,4,20,9,,1.68,0.19557
2025,4,20,10,,1.43,0.1757
2025,4,20,11,,1.04,0.2175
2025,4,20,12,,0.49,0.2267
2025,4,20,13,,0.4,0.2862
2025,4,20,14,,1.03,0.41133
2025,4,20,15,,1.44,0.2967
2025,4,20,16,,1.61,0.87397
2025,4,20,17,,1.94,0.31987
2025,4,20,18,,2.2,0.31783
2025,4,20,19,,2.25,0.3906
2025,4,20,20,,2.06,0.798
2025,4,20,21,,1.68,2.88427
2025,4,20,22,,1.15,1.59997
2025,4,20,23,,0.58,0.25543
2025,4,21,0,,0.38,0.1902
2025,4,21,1,,0.76,0.18967
2025,4,21,2,,1.18,0.195
2025,4,21,3,,1.42,0.1792
2025,4,21,4,,1.74,0.20197
2025,4,21,5,,1.8,0.57567
2025,4,21,6,,1.83,0.44627
2025,4,21,7,,1.95,0.77297
2025,4,21,8,,2.02,0.20303
2025,4,21,9,,1.82,1.18157
2025,4,21,10,,1.86,0.8857
2025,4,21,11,,2.35,0.99433
2025,4,21,12,,3.16,1.41523
2025,4,21,13,,3.73,1.99
2025,4,21,14,,4.04,1.78323
2025,4,21,15,,4.3,1.2668
2025,4,21,16,,4.01,1.2872
2025,4,21,17,,4.35,0.6018
2025,4,21,18,,4.84,2.4504
2025,4,21,19,,4.7,2.95923
2025,4,21,20,,4.13,1.8119
2025,4,21,21,,3.69,3.54023
2025,4,21,22,,3.43,2.09213
2025,4,21,23,,3.32,0.68053
2025,4,22,0,,3.3,0.36273
2025,4,22,1,,3.25,0.2434
2025,4,22,2,,3.17,0.2818
2025,4,22,3,,3.23,0.2243
2025,4,22,4,,3.95,0.25977
2025,4,22,5,,3.88,0.32823
2025,4,22,6,,3.92,1.54227
2025,4,22,7,,4.19,2.66797
2025,4,22,8,,4.46,2.25217
2025,4,22,9,,4.71,3.34677
2025,4,22,10,,5.01,2.92193
2025,4,22,11,,5.27,3.04103
2025,4,22,12,,5.33,2.23547
2025,4,22,13,,5.62,0.86073
2025,4,22,14,,6.19,2.10053
2025,4,22,15,,6.01,0.58997
2025,4,22,16,,5.58,1.5805
2025,4,22,17,,5.66,1.1808
2025,4,22,18,,5.16,1.0554
2025,4,22,19,,4.87,2.24377
2025,4,22,20,,4.85,1.9153
2025,4,22,21,,4.72,3.04767
2025,4,22,22,,4.48,1.77223
2025,4,22,23,,4.34,1.17383
2025,4,23,0,,4.34,0.37857
2025,4,23,1,,4.31,0.35947
2025,4,23,2,,4.4,0.58063
2025,4,23,3,,4.72,0.65983
2025,4,23,4,,5.91,0.39713
2025,4,23,5,,6.23,0.36447
2025,4,23,6,,6.36,0.58673
2025,4,23,7,,6.32,1.9815
2025,4,23,8,,6.17,1.91947
2025,4,23,9,,6.12,1.3507
2025,4,23,10,,6.34,1.6695
2025,4,23,11,,6.7,0.29817
2025,4,23,12,,7.0,0.43283
2025,4,23,13,,7.19,0.23833
2025,4,23,14,,7.35,0.8301
2025,4,23,15,,7.39,0.18857
2025,4,23,16,,7.02,0.16337
2025,4,23,17,,6.54,0.2428
2025,4,23,18,,5.96,0.36617
2025,4,23,19,,5.35,0.48947
2025,4,23,20,,4.95,1.12137
2025,4,23,21,,4.91,2.01553
2025,4,23,22,,4.96,0.6973
2025,4,23,23,,4.96,0.2441
2025,4,24,0,,5.06,0.25237
2025,4,24,1,,5.39,0.87773
2025,4,24,2,,6.0,0.21843
2025,4,24,3,,6.2,0.30583
2025,4,24,4,,6.85,0.22067
2025,4,24,5,,7.07,0.23713
2025,4,24,6,,7.14,0.49693
2025,4,24,7,,7.21,1.4561
2025,4,24,8,,7.35,0.44107
2025,4,24,9,,7.95,0.22773
2025,4,24,10,,7.76,0.54453
2025,4,24,11,,6.52,1.47417
2025,4,24,12,,6.83,0.3477
2025,4,24,13,,6.38,0.24397
2025,4,24,14,,5.92,0.38657
2025,4,24,15,,5.66,0.30527
2025,4,24,16,,5.38,0.39437
2025,4,24,17,,4.83,0.59603
2025,4,24,18,,4.26,1.2531
2025,4,24,19,,3.24,1.27197
2025,4,24,20,,2.28,1.89743
2025,4,24,21,,2.03,2.09743
2025,4,24,22,,2.55,1.35853
2025,4,24,23,,2.83,0.2966
2025,4,25,0,,2.87,0.23833
2025,4,25,1,,2.83,0.1944
2025,4,25,2,,2.73,0.19723
2025,4,25,3,,2.64,0.78597
2025,4,25,4,,2.49,0.21767
2025,4,25,5,,1.95,0.17893
2025,4,25,6,,1.26,0.75597
2025,4,25,7,,0.91,1.18683
2025,4,25,8,,1.36,1.36787
2025,4,25,9,,1.85,1.40583
2025,4,25,10,,1.99,1.4009
2025,4,25,11,,1.92,1.9414
2025,4,25,12,,1.53,1.65127
2025,4,25,13,,1.22,0.32103
2025,4,25,14,,1.26,0.22827
2025,4,25,15,,1.31,0.1987
2025,4,25,16,,1.54,0.20737
2025,4,25,17,,1.98,0.2338
2025,4,25,18,,2.21,0.2108
2025,4,25,19,,2.38,0.8573
2025,4,25,20,,2.44,1.55713
2025,4,25,21,,2.4,2.24297
2025,4,25,22,,2.42,2.80053
2025,4,25,23,,2.58,0.68887
2025,4,26,0,,2.77,0.23573
2025,4,26,1,,2.88,0.17437
2025,4,26,2,,2.95,0.22513
2025,4,26,3,,3.15,0.18993
2025,4,26,4,,4.15,0.17273
2025,4,26,5,,4.29,0.23597
2025,4,26,6,,4.32,0.48533
2025,4,26,7,,4.26,1.40817
2025,4,26,8,,3.98,2.96037
2025,4,26,9,,3.36,1.87927
2025,4,26,10,,2.33,1.50113
2025,4,26,11,,1.79,0.72927
2025,4,26,12,,2.56,0.4549
2025,4,26,13,,4.13,0.50583
2025,4,26,14,,6.11,0.37197
2025,4,26,15,,7.52,0.25343
2025,4,26,16,,7.14,0.17097
2025,4,26,17,,5.86,0.90053
2025,4,26,18,,4.67,1.25523
2025,4,26,19,,3.49,1.2943
2025,4,26,20,,2.4,2.13243
2025,4,26,21,,1.91,1.0579
2025,4,26,22,,2.06,1.8744
2025,4,26,23,,2.52,0.78847
2025,4,27,0,,3.09,0.4613
2025,4,27,1,,3.63,0.6084
2025,4,27,2,,3.98,0.1691
2025,4,27,3,,4.42,0.1996
2025,4,27,4,,6.11,0.20233
2025,4,27,5,,7.48,0.17197
2025,4,27,6,,8.61,0.45407
2025,4,27,7,,9.63,0.66997
2025,4,27,8,,10.4,0.7864
2025,4,27,9,,10.94,0.28087
2025,4,27,10,,11.31,0.4129
2025,4,27,11,,11.78,0.8654
2025,4,27,12,,12.21,0.39007
2025,4,27,13,,12.32,0.41563
2025,4,27,14,,12.18,0.3919
2025,4,27,15,,11.72,0.38883
2025,4,27,16,,10.88,0.4436
2025,4,27,17,,9.84,0.38747
2025,4,27,18,,9.09,0.64807
2025,4,27,19,,8.44,1.69997
2025,4,27,20,,7.84,1.28253
2025,4,27,21,,7.42,3.10333
2025,4,27,22,,7.4,2.53937
2025,4,27,23,,7.5,1.2658
2025,4,28,0,,7.69,1.08276
2025,4,28,1,,7.88,
2025,4,28,2,,8.04,
2025,4,28,3,,8.46,
2025,4,28,4,,10.0,
2025,4,28,5,,11.76,
2025,4,28,6,,12.49,
2025,4,28,7,,12.88,
2025,4,28,8,,13.1,
2025,4,28,9,,13.29,
2025,4,28,10,,13.44,
2025,4,28,11,,13.6,
2025,4,28,12,,13.68,
2025,4,28,13,,13.63,
2025,4,28,14,,13.38,
2025,4,28,15,,12.85,
2025,4,28,16,,11.94,
2025,4,28,17,,11.04,
2025,4,28,18,,10.68,
2025,4,28,19,,10.45,
2025,4,28,20,,10.17,
2025,4,28,21,,9.95,
2025,4,28,22,,9.9,
2025,4,28,23,,9.66,
2025,4,29,0,,9.46,
2025,4,29,1,,9.35,
2025,4,29,2,,9.18,
2025,4,29,3,,9.06,
2025,4,29,4,,10.08,
2025,4,29,5,,10.72,
2025,4,29,6,,10.96,
2025,4,29,7,,11.09,
2025,4,29,8,,11.2,
2025,4,29,9,,11.46,
2025,4,29,10,,11.81,
2025,4,29,11,,12.15,
2025,4,29,12,,12.42,
2025,4,29,13,,12.55,
2025,4,29,14,,12.44,
2025,4,29,15,,11.84,
2025,4,29,16,,10.64,
2025,4,29,17,,9.4,
2025,4,29,18,,8.85,
2025,4,29,19,,8.34,
2025,4,29,20,,7.93,
2025,4,29,21,,7.82,
2025,4,29,22,,7.88,
2025,4,29,23,,7.66,
2025,4,30,0,,7.31,
2025,4,30,1,,6.91,
2025,4,30,2,,6.68,
2025,4,30,3,,6.61,
2025,4,30,4,,7.79,
2025,4,30,5,,9.04,
2025,4,30,6,,9.41,
2025,4,30,7,,9.64,
2025,4,30,8,,9.9,
2025,4,30,9,,10.39,
2025,4,30,10,,10.9,
2025,4,30,11,,11.11,
2025,4,30,12,,11.16,
2025,4,30,13,,11.25,
2025,4,30,14,,11.08,0.21528
2025,4,30,15,,10.65,0.76473
2025,4,30,16,,9.89,0.19957
2025,4,30,17,,9.24,0.2805
2025,4,30,18,,9.19,0.26847
2025,4,30,19,,9.1,0.6047
2025,4,30,20,,8.81,1.23007
2025,4,30,21,,8.53,1.9446
2025,4,30,22,,8.55,1.11903
2025,4,30,23,,9.81,0.47287
2025,5,1,0,,8.9,0.3038
2025,5,1,1,,8.23,0.25663
2025,5,1,2,,7.85,0.1987
2025,5,1,3,,9.43,0.25677
2025,5,1,4,,10.78,0.18943
2025,5,1,5,,11.05,0.33503
2025,5,1,6,,10.68,0.69803
2025,5,1,7,,10.38,0.65323
2025,5,1,8,,10.12,0.5747
2025,5,1,9,,9.88,1.38737
2025,5,1,10,,9.41,1.5777
2025,5,1,11,,8.94,2.22773
2025,5,1,12,,8.5,1.15427
2025,5,1,13,,8.15,1.85073
2025,5,1,14,,7.8,0.9196
2025,5,1,15,,7.44,1.57543
2025,5,1,16,,6.89,0.31673
2025,5,1,17,,6.22,0.28463
2025,5,1,18,,5.59,1.85513
2025,5,1,19,,4.84,1.9958
2025,5,1,20,,4.36,2.46727
2025,5,1,21,,4.39,3.45217
2025,5,1,22,,4.51,2.16487
2025,5,1,23,,4.8,1.0352
2025,5,2,0,,5.09,0.3903
2025,5,2,1,,5.07,0.407
2025,5,2,2,,4.96,0.41017
2025,5,2,3,,4.56,0.38267
2025,5,2,4,,4.66,0.43587
2025,5,2,5,,4.13,0.346
2025,5,2,6,,3.61,1.3852
2025,5,2,7,,3.37,1.75743
2025,5,2,8,,3.39,1.2304
2025,5,2,9,,3.76,0.27643
2025,5,2,10,,4.44,0.18057
2025,5,2,11,,5.36,0.28447
2025,5,2,12,,6.3,0.64707
2025,5,2,13,,7.24,0.2822
2025,5,2,14,,8.16,0.28077
2025,5,2,15,,8.66,0.56053
2025,5,2,16,,8.45,0.6718
2025,5,2,17,,7.66,0.21863
2025,5,2,18,,6.89,0.2466
2025,5,2,19,,5.98,0.61183
2025,5,2,20,,5.07,1.01023
2025,5,2,21,,4.52,1.80923
2025,5,2,22,,4.1,1.29473
2025,5,2,23,,3.86,1.60463
2025,5,3,0,,3.76,2.23163
2025,5,3,1,,3.77,0.52983
2025,5,3,2,,3.82,0.2514
2025,5,3,3,,3.65,0.24677
2025,5,3,4,,3.84,0.88157
2025,5,3,5,,3.55,0.24597
2025,5,3,6,,3.11,0.63313
2025,5,3,7,,2.61,0.9592
2025,5,3,8,,2.39,1.1908
2025,5,3,9,,2.51,1.18607
2025,5,3,10,,2.87,0.21337
2025,5,3,11,,3.32,0.16887
2025,5,3,12,,3.76,0.2257
2025,5,3,13,,4.02,0.185
2025,5,3,14,,4.07,0.23027
2025,5,3,15,,3.88,0.31917
2025,5,3,16,,3.18,0.24343
2025,5,3,17,,3.32,0.25107
2025,5,3,18,,3.53,0.7087
2025,5,3,19,,3.36,0.66083
2025,5,3,20,,3.04,1.29747
2025,5,3,21,,2.63,2.35683
2025,5,3,22,,2.06,1.7559
2025,5,3,23,,1.34,1.19767
2025,5,4,0,,0.68,0.1843
2025,5,4,1,,0.27,0.22747
2025,5,4,2,,0.25,0.1782
2025,5,4,3,,0.39,0.2094
2025,5,4,4,,0.74,0.19623
2025,5,4,5,,0.93,0.17807
2025,5,4,6,,1.08,1.221
2025,5,4,7,,1.28,1.37363
2025,5,4,8,,1.28,0.58543
2025,5,4,9,,0.78,0.21017
2025,5,4,10,,0.4,0.16677
2025,5,4,11,,0.23,0.24717
2025,5,4,12,,0.08,0.17213
2025,5,4,13,,0.15,0.37053
2025,5,4,14,,0.54,0.3387
2025,5,4,15,,1.11,0.27277
2025,5,4,16,,1.71,0.69853
2025,5,4,17,,2.47,0.3831
2025,5,4,18,,2.91,0.29653
2025,5,4,19,,3.07,1.12597
2025,5,4,20,,3.22,3.15607
2025,5,4,21,,3.14,2.29473
2025,5,4,22,,2.75,1.4969
2025,5,4,23,,2.52,1.05167
2025,5,5,0,,2.46,0.66163
2025,5,5,1,,2.48,0.19477
2025,5,5,2,,2.48,0.22603
2025,5,5,3,,2.39,0.16767
2025,5,5,4,,2.6,0.212
2025,5,5,5,,2.77,0.19667
2025,5,5,6,,3.33,0.1815
2025,5,5,7,,3.67,1.0742
2025,5,5,8,,3.71,1.58327
2025,5,5,9,,3.62,1.7777
2025,5,5,10,,3.43,0.57977
2025,5,5,11,,3.24,0.36807
2025,5,5,12,,2.93,0.42327
2025,5,5,13,,2.49,0.4637
2025,5,5,14,,2.06,3.23503
2025,5,5,15,,1.89,1.10003
2025,5,5,16,,1.66,1.92953
2025,5,5,17,,2.1,1.48707
2025,5,5,18,,2.56,1.73467
2025,5,5,19,,2.85,1.43857
2025,5,5,20,,2.86,1.3912
2025,5,5,21,,2.7,1.89113
2025,5,5,22,,2.78,2.06713
2025,5,5,23,,3.04,1.66627
2025,5,6,0,,3.19,1.0858
2025,5,6,1,,3.32,0.69343
2025,5,6,2,,3.53,0.65953
2025,5,6,3,,3.65,1.2649
2025,5,6,4,,4.61,0.72987
2025,5,6,5,,5.37,0.76097
2025,5,6,6,,5.86,1.52107
2025,5,6,7,,5.74,0.88093
2025,5,6,8,,5.53,2.91343
2025,5,6,9,,5.38,2.82247
2025,5,6,10,,5.16,0.37767
2025,5,6,11,,4.91,0.43947
2025,5,6,12,,4.73,1.10867
2025,5,6,13,,4.58,1.56947
2025,5,6,14,,4.3,1.4028
2025,5,6,15,,3.84,1.49077
2025,5,6,16,,2.99,0.972
2025,5,6,17,,3.03,0.52893
2025,5,6,18,,3.12,1.2506
2025,5,6,19,,3.23,2.45467
2025,5,6,20,,3.12,2.47963
2025,5,6,21,,3.02,2.88243
2025,5,6,22,,3.33,3.02243
2025,5,6,23,,3.67,1.72313
2025,5,7,0,,3.71,1.041
2025,5,7,1,,3.8,0.2278
2025,5,7,2,,3.87,0.1896
2025,5,7,3,,3.71,0.20393
2025,5,7,4,,4.33,0.22307
2025,5,7,5,,4.66,0.17667
2025,5,7,6,,5.42,0.23253
2025,5,7,7,,5.99,1.25173
2025,5,7,8,,5.98,3.40123
2025,5,7,9,,5.65,3.21983
2025,5,7,10,,5.28,2.5635
2025,5,7,11,,5.29,1.02383
2025,5,7,12,,5.07,1.50327
2025,5,7,13,,4.72,1.88883
2025,5,7,14,,4.56,0.88517
2025,5,7,15,,4.29,0.21907
2025,5,7,16,,3.35,0.49413
2025,5,7,17,,3.4,0.55387
2025,5,7,18,,3.38,1.70717
2025,5,7,19,,3.37,1.15067
2025,5,7,20,,3.34,0.2314
2025,5,7,21,,3.18,2.2957
2025,5,7,22,,2.83,1.8
2025,5,7,23,,2.38,0.9104
2025,5,8,0,,1.91,0.90713
2025,5,8,1,,1.39,0.57887
2025,5,8,2,,0.96,0.35083
2025,5,8,3,,1.15,0.46587
2025,5,8,4,,1.87,0.53423
2025,5,8,5,,2.26,0.522
2025,5,8,6,,2.48,0.46177
2025,5,8,7,,2.64,0.2559
2025,5,8,8,,2.85,0.6392
2025,5,8,9,,2.88,1.0301
2025,5,8,10,,2.61,0.89527
2025,5,8,11,,2.6,1.88527
2025,5,8,12,,3.07,4.71913
2025,5,8,13,,3.5,1.99643
2025,5,8,14,,3.8,2.23123
2025,5,8,15,,4.25,1.9732
2025,5,8,16,,4.56,0.5817
2025,5,8,17,,4.52,0.70853
2025,5,8,18,,4.02,0.89
2025,5,8,19,,2.79,0.91763
2025,5,8,20,,1.03,1.77583
2025,5,8,21,,0.58,2.0463
2025,5,8,22,,1.83,2.12023
2025,5,8,23,,2.72,1.33487
2025,5,9,0,,3.24,0.1902
2025,5,9,1,,3.41,0.22087
2025,5,9,2,,3.35,0.1813
2025,5,9,3,,3.11,0.20993
2025,5,9,4,,3.37,0.19967
2025,5,9,5,,2.68,0.1885
2025,5,9,6,,2.27,1.60917
2025,5,9,7,,2.25,1.59183
2025,5,9,8,,2.6,1.25357
2025,5,9,9,,2.63,1.19947
2025,5,9,10,,2.38,1.1743
2025,5,9,11,,1.68,1.04477
2025,5,9,12,,0.77,0.40743
2025,5,9,13,,2.25,1.82863
2025,5,9,14,,3.64,1.29987
2025,5,9,15,,4.16,1.59987
2025,5,9,16,,4.67,1.2241
2025,5,9,17,,5.47,0.2243
2025,5,9,18,,5.31,0.8139
2025,5,9,19,,5.65,2.80553
2025,5,9,20,,6.3,2.89327
2025,5,9,21,,7.19,2.8853
2025,5,9,22,,7.69,2.3281
2025,5,9,23,,7.58,0.3884
2025,5,10,0,,8.0,0.20293
2025,5,10,1,,8.34,0.69027
2025,5,10,2,,9.06,0.36287
2025,5,10,3,,9.49,0.17047
2025,5,10,4,,9.17,0.21037
2025,5,10,5,,8.79,0.19443
2025,5,10,6,,8.57,0.40097
2025,5,10,7,,8.65,0.98753
2025,5,10,8,,8.74,0.63277
2025,5,10,9,,8.57,0.18217
2025,5,10,10,,8.44,0.21153
2025,5,10,11,,8.66,0.18653
2025,5,10,12,,8.97,0.2299
2025,5,10,13,,9.11,0.194
2025,5,10,14,,9.01,0.17263
2025,5,10,15,,8.72,0.242
2025,5,10,16,,8.26,0.31333
2025,5,10,17,,7.77,0.75177
2025,5,10,18,,7.43,0.26633
2025,5,10,19,,7.04,0.5941
2025,5,10,20,,6.58,1.9637
2025,5,10,21,,6.06,1.808
2025,5,10,22,,5.67,0.5738
2025,5,10,23,,5.29,0.25567
2025,5,11,0,,4.81,0.19237
2025,5,11,1,,4.6,0.2156
2025,5,11,2,,4.4,0.19107
2025,5,11,3,,4.48,0.179
2025,5,11,4,,5.16,0.2023
2025,5,11,5,,4.97,0.8155
2025,5,11,6,,4.77,0.22057
2025,5,11,7,,4.59,1.10693
2025,5,11,8,,4.39,1.3752
2025,5,11,9,,4.05,1.4076
2025,5,11,10,,3.72,0.5873
2025,5,11,11,,3.63,0.51823
2025,5,11,12,,3.71,0.25217
2025,5,11,13,,4.0,0.28043
2025,5,11,14,,4.39,0.42693
2025,5,11,15,,4.56,0.4242
2025,5,11,16,,4.48,0.79203
2025,5,11,17,,3.93,1.24897
2025,5,11,18,,4.0,0.6357
2025,5,11,19,,3.8,0.32707
2025,5,11,20,,3.38,0.47687
2025,5,11,21,,3.13,2.17513
2025,5,11,22,,3.08,1.32097
2025,5,11,23,,2.83,0.9471
2025,5,12,0,,2.07,0.36997
2025,5,12,1,,1.68,0.19673
2025,5,12,2,,1.67,0.2212
2025,5,12,3,,1.41,0.27123
2025,5,12,4,,1.69,0.19807
2025,5,12,5,,2.03,0.2355
2025,5,12,6,,2.34,0.21157
2025,5,12,7,,2.21,0.96467
2025,5,12,8,,2.16,1.33063
2025,5,12,9,,2.4,1.27727
2025,5,12,10,,2.85,1.3345
2025,5,12,11,,3.51,0.51517
2025,5,12,12,,4.3,0.38503
2025,5,12,13,,5.12,0.99633
2025,5,12,14,,5.91,2.61087
2025,5,12,15,,6.69,1.9585
2025,5,12,16,,7.3,1.3023
2025,5,12,17,,7.25,0.90023
2025,5,12,18,,6.97,0.8835
2025,5,12,19,,6.49,2.12743
2025,5,12,20,,5.81,1.4145
2025,5,12,21,,5.2,2.9113
2025,5,12,22,,5.0,0.91087
2025,5,12,23,,4.93,0.49873
2025,5,13,0,,4.89,0.4332
2025,5,13,1,,4.84,0.81433
2025,5,13,2,,4.79,0.27757
2025,5,13,3,,4.99,0.2602
2025,5,13,4,,5.59,0.22027
2025,5,13,5,,5.88,0.4085
2025,5,13,6,,6.0,0.76467
2025,5,13,7,,6.12,0.26397
2025,5,13,8,,6.41,1.04253
2025,5,13,9,,6.75,0.34933
2025,5,13,10,,7.08,0.40343
2025,5,13,11,,7.4,0.9947
2025,5,13,12,,7.64,2.67953
2025,5,13,13,,7.79,2.13273
2025,5,13,14,,7.94,2.55947
2025,5,13,15,,8.18,1.9218
2025,5,13,16,,8.14,2.2967
2025,5,13,17,,7.04,1.9813
2025,5,13,18,,6.14,1.12617
2025,5,13,19,,5.77,1.7386
2025,5,13,20,,5.82,1.9677
2025,5,13,21,,5.54,1.35643
2025,5,13,22,,5.22,0.8269
2025,5,13,23,,4.94,0.4256
2025,5,14,0,,4.67,0.27963
2025,5,14,1,,4.52,0.79913
2025,5,14,2,,4.5,0.27757
2025,5,14,3,,4.55,0.27047
2025,5,14,4,,5.5,0.28383
2025,5,14,5,,5.95,0.2823
2025,5,14,6,,6.03,0.29907
2025,5,14,7,,5.97,2.1687
2025,5,14,8,,5.82,1.4546
2025,5,14,9,,5.5,1.3122
2025,5,14,10,,5.53,0.40223
2025,5,14,11,,5.66,0.34467
2025,5,14,12,,5.68,0.37743
2025,5,14,13,,5.66,0.39917
2025,5,14,14,,5.43,0.3775
2025,5,14,15,,5.18,0.4331
2025,5,14,16,,4.68,0.54427
2025,5,14,17,,4.11,0.69457
2025,5,14,18,,4.31,2.8374
2025,5,14,19,,4.34,2.06903
2025,5,14,20,,4.11,2.01893
2025,5,14,21,,3.69,3.56123
2025,5,14,22,,3.2,1.8772
2025,5,14,23,,2.69,1.0988
2025,5,15,0,,2.32,0.3496
2025,5,15,1,,1.92,0.34063
2025,5,15,2,,1.51,0.31643
2025,5,15,3,,1.33,0.35953
2025,5,15,4,,1.5,0.33497
2025,5,15,5,,1.24,0.34817
2025,5,15,6,,1.25,0.52517
2025,5,15,7,,1.55,1.22317
2025,5,15,8,,2.16,1.35673
2025,5,15,9,,2.66,1.36557
2025,5,15,10,,2.04,1.32803
2025,5,15,11,,1.32,0.66857
2025,5,15,12,,1.29,0.3334
2025,5,15,13,,1.54,0.375
2025,5,15,14,,1.76,0.33263
2025,5,15,15,,1.77,0.3637
2025,5,15,16,,0.94,0.33223
2025,5,15,17,,1.43,0.3706
2025,5,15,18,,2.55,0.7799
2025,5,15,19,,3.55,0.7957
2025,5,15,20,,3.86,0.48743
2025,5,15,21,,3.71,0.5271
2025,5,15,22,,3.98,0.74333
2025,5,15,23,,3.33,1.1156
2025,5,16,0,,2.91,0.58157
2025,5,16,1,,2.63,0.2627
2025,5,16,2,,2.39,0.30167
2025,5,16,3,,2.52,0.2692
2025,5,16,4,,2.47,0.28887
2025,5,16,5,,1.52,0.2642
2025,5,16,6,,0.36,1.1144
2025,5,16,7,,2.85,1.70203
2025,5,16,8,,4.39,2.18137
2025,5,16,9,,2.75,1.771
2025,5,16,10,,1.99,1.87143
2025,5,16,11,,0.89,1.36017
2025,5,16,12,,1.78,2.8142
2025,5,16,13,,3.14,2.52253
2025,5,16,14,,3.67,0.77617
2025,5,16,15,,4.15,0.44947
2025,5,16,16,,4.33,0.4817
2025,5,16,17,,4.71,1.1704
2025,5,16,18,,5.06,1.27813
2025,5,16,19,,4.5,1.0014
2025,5,16,20,,3.53,1.5782
2025,5,16,21,,2.97,2.11797
2025,5,16,22,,2.82,1.40903
2025,5,16,23,,3.76,0.64793
2025,5,17,0,,5.15,0.315
2025,5,17,1,,6.25,0.27213
2025,5,17,2,,8.45,0.31387
2025,5,17,3,,10.51,0.30133
2025,5,17,4,,11.23,0.3141
2025,5,17,5,,10.16,0.26853
2025,5,17,6,,8.93,0.3071
2025,5,17,7,,7.93,0.9975
2025,5,17,8,,7.49,0.77037
2025,5,17,9,,7.06,0.82123
2025,5,17,10,,6.7,0.39387
2025,5,17,11,,6.32,2.25603
2025,5,17,12,,5.81,0.33497
2025,5,17,13,,5.26,0.43547
2025,5,17,14,,4.66,0.83733
2025,5,17,15,,3.86,1.30787
2025,5,17,16,,2.57,0.83607
2025,5,17,17,,1.62,0.58727
2025,5,17,18,,1.72,0.8214
2025,5,17,19,,1.96,1.6969
2025,5,17,20,,2.32,1.45927
2025,5,17,21,,2.67,1.75453
2025,5,17,22,,2.79,1.54677
2025,5,17,23,,2.72,1.58137
2025,5,18,0,,2.55,0.69757
2025,5,18,1,,2.46,0.30067
2025,5,18,2,,2.52,0.29297
2025,5,18,3,,2.56,0.2643
2025,5,18,4,,3.24,0.30343
2025,5,18,5,,3.37,0.2725
2025,5,18,6,,3.71,0.31213
2025,5,18,7,,4.09,1.35297
2025,5,18,8,,4.15,1.3974
2025,5,18,9,,3.18,1.3024
2025,5,18,10,,2.09,1.3468
2025,5,18,11,,1.51,0.36217
2025,5,18,12,,1.74,0.3689
2025,5,18,13,,2.21,0.83417
2025,5,18,14,,2.48,2.15433
2025,5,18,15,,2.56,1.52357
2025,5,18,16,,2.65,0.31773
2025,5,18,17,,2.72,1.36167
2025,5,18,18,,3.04,1.13113
2025,5,18,19,,3.19,1.84903
2025,5,18,20,,3.25,3.98567
2025,5,18,21,,3.23,1.79813
2025,5,18,22,,3.21,3.15563
2025,5,18,23,,3.1,0.5069
2025,5,19,0,,2.92,0.3315
2025,5,19,1,,2.79,0.27613
2025,5,19,2,,2.85,0.31127
2025,5,19,3,,3.01,0.2966
2025,5,19,4,,3.79,0.31743
2025,5,19,5,,4.09,0.27737
2025,5,19,6,,4.13,0.30543
2025,5,19,7,,4.22,1.4335
2025,5,19,8,,4.31,1.16943
2025,5,19,9,,4.28,1.28673
2025,5,19,10,,4.16,1.7137
2025,5,19,11,,4.06,0.93313
2025,5,19,12,,4.06,1.29977
2025,5,19,13,,4.08,2.62823
2025,5,19,14,,4.02,2.00357
2025,5,19,15,,3.93,1.619
2025,5,19,16,,3.42,1.49257
2025,5,19,17,,3.21,1.10177
2025,5,19,18,,3.44,1.5779
2025,5,19,19,,3.78,1.29613
2025,5,19,20,,3.98,0.38047
2025,5,19,21,,4.03,0.40217
2025,5,19,22,,4.12,0.8064
2025,5,19,23,,4.27,0.56383
2025,5,20,0,,4.46,0.64473
2025,5,20,1,,4.53,0.28683
2025,5,20,2,,4.31,0.3022
2025,5,20,3,,4.37,0.28817
2025,5,20,4,,3.97,0.3148
2025,5,20,5,,3.17,0.3123
2025,5,20,6,,3.72,0.9448
2025,5,20,7,,3.65,0.4788
2025,5,20,8,,3.5,1.27073
2025,5,20,9,,3.18,1.22353
2025,5,20,10,,2.7,1.24917
2025,5,20,11,,2.23,1.77123
2025,5,20,12,,1.9,0.937
2025,5,20,13,,1.71,1.37763
2025,5,20,14,,1.84,0.41813
2025,5,20,15,,2.19,0.7699
2025,5,20,16,,2.59,1.45413
2025,5,20,17,,2.91,1.72207
2025,5,20,18,,3.42,2.4479
2025,5,20,19,,3.69,3.15957
2025,5,20,20,,3.61,2.87723
2025,5,20,21,,3.32,4.09727
2025,5,20,22,,2.89,2.5329
2025,5,20,23,,2.47,1.92443
2025,5,21,0,,2.38,0.99097
2025,5,21,1,,2.46,0.30053
2025,5,21,2,,2.57,0.33107
2025,5,21,3,,2.41,0.31133
2025,5,21,4,,2.58,0.30633
2025,5,21,5,,2.24,0.33377
2025,5,21,6,,1.84,0.43497
2025,5,21,7,,1.66,1.58757
2025,5,21,8,,1.62,1.30017
2025,5,21,9,,1.6,1.30273
2025,5,21,10,,1.51,1.28387
2025,5,21,11,,1.45,1.2946
2025,5,21,12,,1.34,0.414
2025,5,21,13,,1.08,0.3002
2025,5,21,14,,0.91,0.31287
2025,5,21,15,,0.54,0.27717
2025,5,21,16,,0.94,0.3088
2025,5,21,17,,1.8,0.29453
2025,5,21,18,,2.41,0.3524
2025,5,21,19,,2.82,0.484
2025,5,21,20,,3.08,1.4173
2025,5,21,21,,3.16,1.787
2025,5,21,22,,3.03,1.6872
2025,5,21,23,,2.82,1.25433
2025,5,22,0,,2.62,0.30323
2025,5,22,1,,2.53,0.2723
2025,5,22,2,,2.57,0.49717
2025,5,22,3,,2.6,0.67467
2025,5,22,4,,3.32,0.28337
2025,5,22,5,,3.3,0.2873
2025,5,22,6,,3.62,0.7756
2025,5,22,7,,3.89,1.73353
2025,5,22,8,,4.07,1.26207
2025,5,22,9,,3.89,0.7149
2025,5,22,10,,3.45,0.96507
2025,5,22,11,,3.03,0.2885
2025,5,22,12,,2.53,0.2643
2025,5,22,13,,1.92,0.30457
2025,5,22,14,,1.63,0.2697
2025,5,22,15,,1.58,0.29857
2025,5,22,16,,0.5,0.2638
2025,5,22,17,,1.36,0.30697
2025,5,22,18,,2.13,0.63007
2025,5,22,19,,2.06,1.33627
2025,5,22,20,,1.88,2.8976
2025,5,22,21,,1.68,1.442
2025,5,22,22,,1.59,2.4905
2025,5,22,23,,1.45,0.31883
2025,5,23,0,,1.34,0.33873
2025,5,23,1,,1.59,0.26797
2025,5,23,2,,2.14,0.33213
2025,5,23,3,,2.43,0.2887
2025,5,23,4,,2.95,0.3025
2025,5,23,5,,2.87,0.2951
2025,5,23,6,,3.34,1.2305
2025,5,23,7,,3.3,1.46073
2025,5,23,8,,2.93,2.454
2025,5,23,9,,2.74,1.44373
2025,5,23,10,,2.7,1.314
2025,5,23,11,,2.62,1.58357
2025,5,23,12,,2.42,1.17813
2025,5,23,13,,2.17,1.0675
2025,5,23,14,,1.86,2.15823
2025,5,23,15,,1.51,0.8378
2025,5,23,16,,1.27,0.34433
2025,5,23,17,,1.1,0.2873
2025,5,23,18,,1.51,0.66363
2025,5,23,19,,2.24,1.0782
2025,5,23,20,,3.08,1.28443
2025,5,23,21,,3.52,1.92027
2025,5,23,22,,3.56,1.2296
2025,5,23,23,,3.48,1.0545
2025,5,24,0,,3.52,0.2963
2025,5,24,1,,3.63,0.3147
2025,5,24,2,,3.8,0.2547
2025,5,24,3,,4.2,0.29203
2025,5,24,4,,4.92,0.28013
2025,5,24,5,,4.68,0.31267
2025,5,24,6,,4.23,0.49957
2025,5,24,7,,3.58,1.5802
2025,5,24,8,,2.86,1.94553
2025,5,24,9,,2.35,1.64693
2025,5,24,10,,2.23,0.67127
2025,5,24,11,,2.27,0.26677
2025,5,24,12,,2.34,0.31137
2025,5,24,13,,3.0,0.28543
2025,5,24,14,,5.17,0.3213
2025,5,24,15,,7.12,0.27573
2025,5,24,16,,7.4,0.3074
2025,5,24,17,,6.95,0.29393
2025,5,24,18,,6.62,0.34053
2025,5,24,19,,6.41,1.4732
2025,5,24,20,,5.95,1.57813
2025,5,24,21,,5.25,2.5698
2025,5,24,22,,4.56,2.42707
2025,5,24,23,,2.88,0.6951
2025,5,25,0,,1.04,0.34083
2025,5,25,1,,3.15,0.30377
2025,5,25,2,,2.17,0.807
2025,5,25,3,,2.0,0.40937
2025,5,25,4,,2.4,0.3219
2025,5,25,5,,1.86,0.28853
2025,5,25,6,,3.81,1.35867
2025,5,25,7,,5.31,1.88783
2025,5,25,8,,6.28,1.8216
2025,5,25,9,,6.71,1.2985
2025,5,25,10,,7.55,0.85293
2025,5,25,11,,8.13,0.31003
2025,5,25,12,,6.86,0.2815
2025,5,25,13,,7.36,0.32383
2025,5,25,14,,4.71,0.2955
2025,5,25,15,,3.13,0.33543
2025,5,25,16,,4.77,0.28933
2025,5,25,17,,5.16,0.4046
2025,5,25,18,,4.84,1.76397
2025,5,25,19,,4.8,2.87273
2025,5,25,20,,4.03,3.57327
2025,5,25,21,,3.6,4.47473
2025,5,25,22,,5.12,1.98097
2025,5,25,23,,6.2,0.30683
2025,5,26,0,,5.06,0.3223
2025,5,26,1,,3.38,0.6891
2025,5,26,2,,2.06,0.4931
2025,5,26,3,,1.51,0.30033
2025,5,26,4,,3.98,0.31517
2025,5,26,5,,5.14,0.2954
2025,5,26,6,,5.78,0.2928
2025,5,26,7,,6.12,0.30923
2025,5,26,8,,6.13,0.6547
2025,5,26,9,,5.83,2.12603
2025,5,26,10,,5.38,0.43777
2025,5,26,11,,4.58,1.04807
2025,5,26,12,,3.6,1.63983
2025,5,26,13,,2.97,1.81287
2025,5,26,14,,2.92,1.63163
2025,5,26,15,,3.11,1.89723
2025,5,26,16,,2.92,0.94747
2025,5,26,17,,2.77,0.9364
2025,5,26,18,,3.33,0.38737
2025,5,26,19,,3.81,2.1315
2025,5,26,20,,4.05,1.41513
2025,5,26,21,,4.01,1.6299
2025,5,26,22,,3.79,2.02903
2025,5,26,23,,3.66,1.46177
2025,5,27,0,,3.7,0.41763
2025,5,27,1,,3.75,0.31913
2025,5,27,2,,3.73,0.31357
2025,5,27,3,,3.99,0.28623
2025,5,27,4,,4.54,0.33113
2025,5,27,5,,5.19,0.3606
2025,5,27,6,,5.34,0.58417
2025,5,27,7,,5.33,0.4547
2025,5,27,8,,5.19,1.16067
2025,5,27,9,,5.05,1.1156
2025,5,27,10,,4.9,0.5043
2025,5,27,11,,4.7,0.9506
2025,5,27,12,,4.46,2.22697
2025,5,27,13,,4.19,1.28157
2025,5,27,14,,3.85,3.85683
2025,5,27,15,,3.4,3.74743
2025,5,27,16,,2.68,2.45027
2025,5,27,17,,2.46,4.11413
2025,5,27,18,,2.49,2.81857
2025,5,27,19,,2.52,1.98413
2025,5,27,20,,2.61,1.9598
2025,5,27,21,,2.89,2.59257
2025,5,27,22,,3.4,1.58093
2025,5,27,23,,3.78,0.48527
2025,5,28,0,,3.93,0.41447
2025,5,28,1,,3.81,0.4716
2025,5,28,2,,3.67,0.9065
2025,5,28,3,,3.95,0.3311
2025,5,28,4,,3.95,0.3221
2025,5,28,5,,3.59,0.3253
2025,5,28,6,,3.44,0.2948
2025,5,28,7,,3.6,0.54727
2025,5,28,8,,3.83,0.33363
2025,5,28,9,,4.07,1.36603
2025,5,28,10,,4.23,1.3213
2025,5,28,11,,4.2,1.32197
2025,5,28,12,,4.01,1.33073
2025,5,28,13,,3.7,1.8652
2025,5,28,14,,3.31,1.024
2025,5,28,15,,2.71,0.91893
2025,5,28,16,,1.86,1.12123
2025,5,28,17,,1.42,1.0932
2025,5,28,18,,1.23,2.7952
2025,5,28,19,,0.98,2.77697
2025,5,28,20,,0.65,2.40173
2025,5,28,21,,0.46,2.34893
2025,5,28,22,,0.63,0.89623
2025,5,28,23,,0.9,0.7627
2025,5,29,0,,1.23,0.4064
2025,5,29,1,,1.62,0.7657
2025,5,29,2,,2.05,0.3216
2025,5,29,3,,2.34,0.30413
2025,5,29,4,,2.9,0.3168
2025,5,29,5,,2.61,0.29527
2025,5,29,6,,2.38,1.2595
2025,5,29,7,,2.26,1.12403
2025,5,29,8,,2.25,1.5439
2025,5,29,9,,2.31,0.8938
2025,5,29,10,,2.46,0.7913
2025,5,29,11,,2.66,0.86173
2025,5,29,12,,3.0,0.6686
2025,5,29,13,,3.41,0.30523
2025,5,29,14,,3.78,0.27637
2025,5,29,15,,3.9,0.3007
2025,5,29,16,,3.72,0.27497
2025,5,29,17,,3.27,0.89067
2025,5,29,18,,3.52,0.29943
2025,5,29,19,,3.53,0.68613
2025,5,29,20,,3.31,0.68397
2025,5,29,21,,3.06,2.48023
2025,5,29,22,,2.91,1.62797
2025,5,29,23,,2.86,0.31057
2025,5,30,0,,2.88,0.2704
2025,5,30,1,,2.95,0.29703
2025,5,30,2,,3.12,0.2631
2025,5,30,3,,3.45,0.2744
2025,5,30,4,,3.92,0.2808
2025,5,30,5,,4.37,0.27897
2025,5,30,6,,4.53,1.36783
2025,5,30,7,,4.53,1.9511
2025,5,30,8,,4.66,1.8437
2025,5,30,9,,5.01,1.2646
2025,5,30,10,,5.61,1.2933
2025,5,30,11,,6.3,1.4672
2025,5,30,12,,6.92,1.49357
2025,5,30,13,,7.34,0.70707
2025,5,30,14,,7.65,0.30417
2025,5,30,15,,7.74,0.74247
2025,5,30,16,,7.46,1.59597
2025,5,30,17,,6.63,2.5984
2025,5,30,18,,5.95,0.67917
2025,5,30,19,,5.27,1.56833
2025,5,30,20,,4.68,2.22057
2025,5,30,21,,4.37,2.229
2025,5,30,22,,4.3,1.11397
2025,5,30,23,,4.32,0.726
2025,5,31,0,,4.34,0.93303
2025,5,31,1,,4.33,0.2592
2025,5,31,2,,4.39,0.30413
2025,5,31,3,,4.96,0.26477
2025,5,31,4,,5.56,0.28753
2025,5,31,5,,6.21,0.25957
2025,5,31,6,,6.47,0.70127
2025,5,31,7,,6.62,0.8706
2025,5,31,8,,6.93,1.13757
2025,5,31,9,,7.45,0.25963
2025,5,31,10,,7.97,0.2745
2025,5,31,11,,8.38,0.2751
2025,5,31,12,,8.62,0.28937
2025,5,31,13,,8.67,0.29017
2025,5,31,14,,8.48,0.25673
2025,5,31,15,,8.04,0.29997
2025,5,31,16,,7.16,0.25187
2025,5,31,17,,5.68,0.5485
2025,5,31,18,,4.76,1.05833
2025,5,31,19,,4.09,1.3004
2025,5,31,20,,3.64,1.68337
2025,5,31,21,,3.52,1.99963
2025,5,31,22,,3.64,1.483
2025,5,31,23,,3.79,0.35427
2025,6,1,0,,3.88,0.3391
2025,6,1,1,,3.84,0.32523
2025,6,1,2,,3.77,0.29307
2025,6,1,3,,3.73,0.32697
2025,6,1,4,,4.0,0.26923
2025,6,1,5,,4.24,0.32033
2025,6,1,6,,4.48,1.5049
2025,6,1,7,,4.63,1.75253
2025,6,1,8,,5.03,1.33197
2025,6,1,9,,5.5,1.28463
2025,6,1,10,,5.94,1.32803
2025,6,1,11,,6.37,1.27707
2025,6,1,12,,6.73,1.18803
2025,6,1,13,,6.94,0.29893
2025,6,1,14,,6.9,0.31387
2025,6,1,15,,6.52,0.2841
2025,6,1,16,,5.57,0.31993
2025,6,1,17,,4.12,0.32363
2025,6,1,18,,3.49,0.34447
2025,6,1,19,,3.08,0.55858
2025,6,1,20,,2.87,1.357
2025,6,1,21,,2.76,0.9878
2025,6,1,22,,2.79,0.77677
2025,6,1,23,,2.95,0.31843
2025,6,2,0,,3.1,0.48913
2025,6,2,1,,3.16,0.3074
2025,6,2,2,,3.08,0.27147
2025,6,2,3,,2.96,0.31307
2025,6,2,4,,2.73,0.6406
2025,6,2,5,,2.54,0.68407
2025,6,2,6,,2.39,0.27667
2025,6,2,7,,2.28,0.64423
2025,6,2,8,,2.4,0.47277
2025,6,2,9,,2.69,2.4007
2025,6,2,10,,3.05,1.18937
2025,6,2,11,,3.43,1.98963
2025,6,2,12,,3.74,0.39733
2025,6,2,13,,3.93,0.8903
2025,6,2,14,,3.97,1.22053
2025,6,2,15,,3.9,1.45347
2025,6,2,16,,3.57,1.4119
2025,6,2,17,,2.98,2.6615
2025,6,2,18,,3.12,1.9722
2025,6,2,19,,3.19,3.1521
2025,6,2,20,,3.19,0.73547
2025,6,2,21,,3.02,0.39167
2025,6,2,22,,2.71,0.3597
2025,6,2,23,,2.39,0.4141
2025,6,3,0,,2.02,0.5942
2025,6,3,1,,1.58,0.89263
2025,6,3,2,,1.16,0.4181
2025,6,3,3,,1.15,0.2849
2025,6,3,4,,1.58,0.32053
2025,6,3,5,,1.69,0.27243
2025,6,3,6,,1.7,0.30923
2025,6,3,7,,1.6,0.27077
2025,6,3,8,,1.45,0.6724
2025,6,3,9,,1.27,1.0115
2025,6,3,10,,1.04,2.07037
2025,6,3,11,,0.93,3.18983
2025,6,3,12,,1.01,2.57913
2025,6,3,13,,1.24,3.7925
2025,6,3,14,,1.58,1.6592
2025,6,3,15,,2.03,1.13657
2025,6,3,16,,2.4,1.38077
2025,6,3,17,,2.58,0.9858
2025,6,3,18,,2.85,1.3116
2025,6,3,19,,2.82,1.5743
2025,6,3,20,,2.59,1.59527
2025,6,3,21,,2.12,3.6063
2025,6,3,22,,1.48,3.38327
2025,6,3,23,,0.97,1.82217
2025,6,4,0,,0.81,0.3535
2025,6,4,1,,0.81,0.34817
2025,6,4,2,,0.74,0.26443
2025,6,4,3,,0.66,0.785
2025,6,4,4,,0.48,0.3281
2025,6,4,5,,0.31,0.30517
2025,6,4,6,,0.25,0.5405
2025,6,4,7,,0.24,1.4914
2025,6,4,8,,0.74,1.3209
2025,6,4,9,,0.88,1.26797
2025,6,4,10,,0.59,0.9641
2025,6,4,11,,0.38,0.26607
2025,6,4,12,,0.96,0.30997
2025,6,4,13,,1.82,0.2678
2025,6,4,14,,2.7,0.2438
2025,6,4,15,,3.33,0.28637
2025,6,4,16,,3.54,0.31447
2025,6,4,17,,3.4,0.2597
2025,6,4,18,,3.7,1.64727
2025,6,4,19,,3.68,1.5132
2025,6,4,20,,3.51,0.5702
2025,6,4,21,,3.37,0.50647
2025,6,4,22,,3.27,0.48517
2025,6,4,23,,3.18,0.55393
2025,6,5,0,,3.19,1.57537
2025,6,5,1,,3.32,0.46917
2025,6,5,2,,3.55,0.25427
2025,6,5,3,,4.03,0.3109
2025,6,5,4,,4.46,0.32537
2025,6,5,5,,4.67,0.24647
2025,6,5,6,,5.17,1.13707
2025,6,5,7,,5.29,1.4175
2025,6,5,8,,5.42,1.3132
2025,6,5,9,,5.58,0.6849
2025,6,5,10,,5.8,1.4636
2025,6,5,11,,6.16,1.59783
2025,6,5,12,,6.56,0.41683
2025,6,5,13,,6.86,0.33267
2025,6,5,14,,7.09,0.7716
2025,6,5,15,,7.31,0.89693
2025,6,5,16,,7.21,0.68287
2025,6,5,17,,6.68,0.88237
2025,6,5,18,,6.44,0.42417
2025,6,5,19,,6.11,2.01617
2025,6,5,20,,5.76,1.84383
2025,6,5,21,,5.15,0.64627
2025,6,5,22,,4.71,2.2968
2025,6,5,23,,4.59,2.30873
2025,6,6,0,,4.58,1.75367
2025,6,6,1,,4.57,1.13797
2025,6,6,2,,4.53,0.3239
2025,6,6,3,,5.33,0.29253
2025,6,6,4,,5.79,0.2407
2025,6,6,5,,6.05,0.2721
2025,6,6,6,,6.11,1.743
2025,6,6,7,,6.09,1.53333
2025,6,6,8,,6.11,1.54233
2025,6,6,9,,6.31,1.45017
2025,6,6,10,,6.74,1.362
2025,6,6,11,,7.33,1.37317
2025,6,6,12,,7.87,0.7542
2025,6,6,13,,8.2,0.51803
2025,6,6,14,,8.28,1.30207
2025,6,6,15,,8.0,0.6952
2025,6,6,16,,7.39,1.0038
2025,6,6,17,,6.47,0.4373
2025,6,6,18,,5.79,0.5142
2025,6,6,19,,5.16,2.544
2025,6,6,20,,4.72,2.03273
2025,6,6,21,,4.53,2.20847
2025,6,6,22,,4.39,2.1159
2025,6,6,23,,4.27,1.11333
2025,6,7,0,,4.15,0.31283
2025,6,7,1,,4.08,0.24277
2025,6,7,2,,4.06,0.24273
2025,6,7,3,,4.53,0.31177
2025,6,7,4,,5.47,0.26083
2025,6,7,5,,5.8,0.2302
2025,6,7,6,,5.73,0.6252
2025,6,7,7,,5.65,1.24913
2025,6,7,8,,5.69,1.3164
2025,6,7,9,,5.91,1.2506
2025,6,7,10,,6.25,0.3301
2025,6,7,11,,6.66,0.2698
2025,6,7,12,,7.07,0.24137
2025,6,7,13,,7.39,0.30463
2025,6,7,14,,7.55,0.5695
2025,6,7,15,,7.29,0.75213
2025,6,7,16,,6.73,0.78163
2025,6,7,17,,5.96,0.82787
2025,6,7,18,,5.23,1.00227
2025,6,7,19,,4.61,1.3088
2025,6,7,20,,4.17,1.26813
2025,6,7,21,,3.98,1.28457
2025,6,7,22,,3.89,1.07033
2025,6,7,23,,3.82,0.3631
2025,6,8,0,,3.86,0.30823
2025,6,8,1,,3.94,0.2403
2025,6,8,2,,4.04,0.26247
2025,6,8,3,,4.5,0.31813
2025,6,8,4,,5.41,0.2414
2025,6,8,5,,5.45,0.2304
2025,6,8,6,,5.05,0.29733
2025,6,8,7,,4.74,0.95367
2025,6,8,8,,4.62,1.36653
2025,6,8,9,,4.74,1.955
2025,6,8,10,,5.1,3.12127
2025,6,8,11,,5.63,2.48803
2025,6,8,12,,6.13,2.60497
2025,6,8,13,,6.48,2.9242
2025,6,8,14,,6.66,2.76817
2025,6,8,15,,6.5,1.53853
2025,6,8,16,,6.08,0.3917
2025,6,8,17,,5.43,2.1574
2025,6,8,18,,4.81,2.1447
2025,6,8,19,,3.91,3.03983
2025,6,8,20,,3.61,4.20057
2025,6,8,21,,3.39,1.19677
2025,6,8,22,,3.21,0.54193
2025,6,8,23,,3.1,0.50923
2025,6,9,0,,3.03,0.4748
2025,6,9,1,,2.97,0.84873
2025,6,9,2,,2.89,0.296
2025,6,9,3,,2.93,0.277
2025,6,9,4,,3.21,0.27467
2025,6,9,5,,3.01,0.31113
2025,6,9,6,,2.72,0.27367
2025,6,9,7,,2.66,0.60293
2025,6,9,8,,2.88,0.96257
2025,6,9,9,,3.44,0.82837
2025,6,9,10,,4.25,1.21957
2025,6,9,11,,5.14,0.52153
2025,6,9,12,,6.01,0.44776
2025,6,9,13,,6.78,0.80287
2025,6,9,14,,7.32,1.04363
2025,6,9,15,,7.53,0.40877
2025,6,9,16,,7.27,0.684
2025,6,9,17,,6.25,0.58421
2025,6,9,18,,5.28,1.87086
2025,6,9,19,,4.53,1.19517
2025,6,9,20,,4.01,1.37283
2025,6,9,21,,3.77,1.36247
2025,6,9,22,,3.77,1.18033
2025,6,9,23,,3.9,0.8726
2025,6,10,0,,4.12,0.64247
2025,6,10,1,,4.39,0.28013
2025,6,10,2,,4.62,0.3331
2025,6,10,3,,5.34,0.28293
2025,6,10,4,,5.65,0.2377
2025,6,10,5,,6.11,0.80517
2025,6,10,6,,6.15,0.20983
2025,6,10,7,,6.27,0.195
2025,6,10,8,,6.69,0.45683
2025,6,10,9,,7.62,0.33243
2025,6,10,10,,8.87,2.01357
2025,6,10,11,,10.0,2.18073
2025,6,10,12,,10.75,1.60123
2025,6,10,13,,11.21,2.2255
2025,6,10,14,,11.29,2.1692
2025,6,10,15,,10.89,0.8196
2025,6,10,16,,10.07,1.0755
2025,6,10,17,,8.82,1.22847
2025,6,10,18,,7.9,0.1811
2025,6,10,19,,7.08,0.7302
2025,6,10,20,,6.42,0.65247
2025,6,10,21,,6.12,0.84517
2025,6,10,22,,6.33,2.09767
2025,6,10,23,,6.23,0.75087
2025,6,11,0,,5.93,0.3958
2025,6,11,1,,5.61,0.2398
2025,6,11,2,,5.32,0.22583
2025,6,11,3,,5.93,0.2323
2025,6,11,4,,6.03,0.20867
2025,6,11,5,,5.81,0.23073
2025,6,11,6,,5.66,1.10093
2025,6,11,7,,5.61,1.6075
2025,6,11,8,,5.76,1.51933
2025,6,11,9,,6.04,1.2109
2025,6,11,10,,6.47,1.1493
2025,6,11,11,,6.93,0.19863
2025,6,11,12,,7.28,0.22447
2025,6,11,13,,7.46,0.21243
2025,6,11,14,,7.48,0.1837
2025,6,11,15,,7.4,0.21983
2025,6,11,16,,7.05,0.19013
2025,6,11,17,,6.18,0.2191
2025,6,11,18,,5.44,0.26467
2025,6,11,19,,4.78,0.8829
2025,6,11,20,,4.19,0.21787
2025,6,11,21,,3.71,0.93963
2025,6,11,22,,3.44,0.7708
2025,6,11,23,,3.29,0.59897
2025,6,12,0,,3.24,0.95853
2025,6,12,1,,3.2,0.19637
2025,6,12,2,,3.17,0.15597
2025,6,12,3,,3.68,0.20447
2025,6,12,4,,3.63,0.18847
2025,6,12,5,,3.54,0.16693
2025,6,12,6,,3.69,0.41167
2025,6,12,7,,4.1,0.3328
2025,6,12,8,,4.62,0.4304
2025,6,12,9,,5.12,0.43697
2025,6,12,10,,5.55,1.1307
2025,6,12,11,,5.94,0.39613
2025,6,12,12,,6.29,0.44297
2025,6,12,13,,6.65,0.1872
2025,6,12,14,,6.99,0.21487
2025,6,12,15,,7.33,0.21873
2025,6,12,16,,7.47,0.9012
2025,6,12,17,,7.02,0.3233
2025,6,12,18,,6.45,2.0773
2025,6,12,19,,5.83,1.86553
2025,6,12,20,,5.36,0.56063
2025,6,12,21,,4.92,1.8061
2025,6,12,22,,4.6,1.0337
2025,6,12,23,,4.39,0.67183
2025,6,13,0,,4.26,0.2124
2025,6,13,1,,4.22,0.79747
2025,6,13,2,,4.28,0.1918
2025,6,13,3,,5.03,0.2315
2025,6,13,4,,6.13,0.17863
2025,6,13,5,,6.67,0.20133
2025,6,13,6,,6.89,0.3581
2025,6,13,7,,6.95,1.30437
2025,6,13,8,,7.01,1.4244
2025,6,13,9,,7.12,0.7701
2025,6,13,10,,7.32,0.23307
2025,6,13,11,,7.72,0.36873
2025,6,13,12,,8.22,0.46163
2025,6,13,13,,8.67,0.36757
2025,6,13,14,,8.9,1.33637
2025,6,13,15,,8.84,0.68257
2025,6,13,16,,8.4,0.2551
2025,6,13,17,,7.22,0.1681
2025,6,13,18,,6.04,0.51587
2025,6,13,19,,5.55,1.1274
2025,6,13,20,,5.04,1.40647
2025,6,13,21,,4.79,1.19143
2025,6,13,22,,4.72,1.27567
2025,6,13,23,,4.72,0.39447
2025,6,14,0,,4.75,0.20023
2025,6,14,1,,4.72,0.1694
2025,6,14,2,,4.69,0.22197
2025,6,14,3,,4.84,0.18997
2025,6,14,4,,5.71,0.16727
2025,6,14,5,,6.22,0.1934
2025,6,14,6,,6.02,0.48597
2025,6,14,7,,5.8,1.65203
2025,6,14,8,,5.83,1.2737
2025,6,14,9,,6.1,1.2339
2025,6,14,10,,6.42,0.618
2025,6,14,11,,6.75,0.1793
2025,6,14,12,,7.11,0.20407
2025,6,14,13,,7.31,0.2011
2025,6,14,14,,7.27,0.17533
2025,6,14,15,,7.07,0.2088
2025,6,14,16,,6.68,0.18677
2025,6,14,17,,5.74,0.2146
2025,6,14,18,,4.87,1.84943
2025,6,14,19,,4.18,3.23297
2025,6,14,20,,3.71,2.24723
2025,6,14,21,,3.45,1.38147
2025,6,14,22,,3.29,1.34637
2025,6,14,23,,3.17,3.15147
2025,6,15,0,,3.2,1.56653
2025,6,15,1,,3.44,0.2582
2025,6,15,2,,3.73,0.2303
2025,6,15,3,,3.81,0.22503
2025,6,15,4,,4.33,0.20733
2025,6,15,5,,4.23,0.1663
2025,6,15,6,,3.92,0.9539
2025,6,15,7,,3.75,1.02987
2025,6,15,8,,3.96,1.9974
2025,6,15,9,,4.46,0.68283
2025,6,15,10,,5.03,0.2566
2025,6,15,11,,5.55,0.83457
2025,6,15,12,,5.91,0.20713
2025,6,15,13,,6.23,0.17567
2025,6,15,14,,6.43,0.16873
2025,6,15,15,,6.38,0.18637
2025,6,15,16,,5.92,0.27907
2025,6,15,17,,4.46,0.45747
2025,6,15,18,,3.87,1.90543
2025,6,15,19,,3.62,0.69363
2025,6,15,20,,3.34,1.53527
2025,6,15,21,,3.02,1.31083
2025,6,15,22,,2.74,0.74857
2025,6,15,23,,2.52,0.41637
2025,6,16,0,,2.43,0.2939
2025,6,16,1,,2.42,0.2673
2025,6,16,2,,2.48,0.21443
2025,6,16,3,,2.43,0.2185
2025,6,16,4,,2.72,0.21967
2025,6,16,5,,2.94,0.77793
2025,6,16,6,,3.07,0.4447
2025,6,16,7,,3.18,0.27467
2025,6,16,8,,3.39,0.65893
2025,6,16,9,,3.62,1.18733
2025,6,16,10,,3.92,2.19513
2025,6,16,11,,4.21,1.59683
2025,6,16,12,,4.38,1.6142
2025,6,16,13,,4.43,1.93373
2025,6,16,14,,4.31,1.79037
2025,6,16,15,,4.05,1.91227
2025,6,16,16,,3.54,1.8192
2025,6,16,17,,2.64,2.20933
2025,6,16,18,,2.75,2.83947
2025,6,16,19,,2.74,2.5027
2025,6,16,20,,2.44,3.34083
2025,6,16,21,,1.96,2.1058
2025,6,16,22,,1.39,1.4671
2025,6,16,23,,0.9,1.74503
2025,6,17,0,,0.81,0.97467
2025,6,17,1,,1.23,1.43943
2025,6,17,2,,1.67,1.2749
2025,6,17,3,,1.94,0.772
2025,6,17,4,,2.14,0.20773
2025,6,17,5,,1.87,0.18123
2025,6,17,6,,1.71,0.23423
2025,6,17,7,,1.59,0.15387
2025,6,17,8,,1.66,0.2054
2025,6,17,9,,2.02,1.1718
2025,6,17,10,,2.7,1.34543
2025,6,17,11,,3.46,1.74037
2025,6,17,12,,4.16,0.80417
2025,6,17,13,,4.7,2.6301
2025,6,17,14,,5.06,2.34377
2025,6,17,15,,5.17,0.76603
2025,6,17,16,,4.88,2.2092
2025,6,17,17,,3.82,1.13533
2025,6,17,18,,3.87,3.9889
2025,6,17,19,,3.79,3.06343
2025,6,17,20,,3.54,2.2801
2025,6,17,21,,3.34,2.57507
2025,6,17,22,,3.21,0.7361
2025,6,17,23,,3.13,0.21823
2025,6,18,0,,3.16,0.2439
2025,6,18,1,,3.27,0.2298
2025,6,18,2,,3.45,0.19093
2025,6,18,3,,3.9,0.13873
2025,6,18,4,,4.31,0.17173
2025,6,18,5,,4.74,0.17033
2025,6,18,6,,4.8,0.7176
2025,6,18,7,,4.69,1.28877
2025,6,18,8,,4.84,1.41347
2025,6,18,9,,5.29,1.2375
2025,6,18,10,,5.92,0.4864
2025,6,18,11,,6.58,0.2005
2025,6,18,12,,7.08,0.17363
2025,6,18,13,,7.46,0.16033
2025,6,18,14,,7.77,0.19253
2025,6,18,15,,7.88,0.1712
2025,6,18,16,,7.86,0.20437
2025,6,18,17,,7.4,0.1575
2025,6,18,18,,6.68,0.2027
2025,6,18,19,,5.78,0.83423
2025,6,18,20,,4.9,1.08103
2025,6,18,21,,4.39,0.5473
2025,6,18,22,,4.17,0.7304
2025,6,18,23,,3.97,0.363
2025,6,19,0,,3.84,0.56323
2025,6,19,1,,3.79,0.73683
2025,6,19,2,,3.81,0.142
2025,6,19,3,,4.02,0.19527
2025,6,19,4,,4.22,0.159
2025,6,19,5,,4.63,0.19107
2025,6,19,6,,4.74,1.34773
2025,6,19,7,,4.59,1.7554
2025,6,19,8,,4.49,0.82713
2025,6,19,9,,4.62,0.6639
2025,6,19,10,,4.85,0.37507
2025,6,19,11,,5.15,0.33057
2025,6,19,12,,5.36,0.98028
2025,6,19,13,,5.4,0.17097
2025,6,19,14,,5.26,0.22053
2025,6,19,15,,4.93,0.1983
2025,6,19,16,,4.4,0.25467
2025,6,19,17,,3.27,0.26533
2025,6,19,18,,3.43,0.4845
2025,6,19,19,,3.55,0.75927
2025,6,19,20,,3.33,0.734
2025,6,19,21,,2.9,1.57097
2025,6,19,22,,2.34,0.59173
2025,6,19,23,,1.77,0.55427
2025,6,20,0,,1.23,0.16047
2025,6,20,1,,0.77,0.2084
2025,6,20,2,,0.45,0.15673
2025,6,20,3,,0.34,0.17887
2025,6,20,4,,0.31,0.16207
2025,6,20,5,,0.78,0.16113
2025,6,20,6,,1.32,0.57833
2025,6,20,7,,1.41,1.67057
2025,6,20,8,,1.46,1.463
2025,6,20,9,,1.66,0.85013
2025,6,20,10,,2.33,0.2476
2025,6,20,11,,3.7,0.36003
2025,6,20,12,,5.38,0.4311
2025,6,20,13,,7.07,0.3837
2025,6,20,14,,8.53,0.59983
2025,6,20,15,,9.23,1.19393
2025,6,20,16,,9.19,0.42447
2025,6,20,17,,8.82,0.2155
2025,6,20,18,,8.47,0.2137
2025,6,20,19,,7.97,1.59027
2025,6,20,20,,7.28,2.0438
2025,6,20,21,,6.33,3.2391
2025,6,20,22,,5.4,1.11217
2025,6,20,23,,4.9,0.25987
2025,6,21,0,,4.66,0.20403
2025,6,21,1,,4.62,0.1828
2025,6,21,2,,4.63,0.19133
2025,6,21,3,,5.57,0.24607
2025,6,21,4,,7.19,0.25223
2025,6,21,5,,8.06,0.42383
2025,6,21,6,,8.13,2.0013
2025,6,21,7,,8.06,1.3592
2025,6,21,8,,8.06,1.1241
2025,6,21,9,,8.2,0.26423
2025,6,21,10,,8.48,0.2132
2025,6,21,11,,8.93,0.18083
2025,6,21,12,,9.44,0.1857
2025,6,21,13,,9.83,0.27047
2025,6,21,14,,10.04,0.26443
2025,6,21,15,,9.98,0.22767
2025,6,21,16,,9.61,0.185
2025,6,21,17,,8.59,0.27247
2025,6,21,18,,7.51,0.70217
2025,6,21,19,,6.57,0.31677
2025,6,21,20,,5.81,0.4091
2025,6,21,21,,5.2,1.30873
2025,6,21,22,,5.07,2.16687
2025,6,21,23,,5.0,0.49657
2025,6,22,0,,4.89,0.2915
2025,6,22,1,,4.85,0.265
2025,6,22,2,,4.85,0.22543
2025,6,22,3,,5.24,0.19647
2025,6,22,4,,6.54,0.4272
2025,6,22,5,,7.28,0.69367
2025,6,22,6,,7.54,0.6362
2025,6,22,7,,7.74,0.81997
2025,6,22,8,,7.87,1.2185
2025,6,22,9,,7.96,0.9289
2025,6,22,10,,8.04,0.263
2025,6,22,11,,8.17,0.2461
2025,6,22,12,,8.26,0.21317
2025,6,22,13,,8.24,0.19267
2025,6,22,14,,8.06,0.1841
2025,6,22,15,,7.57,0.25123
2025,6,22,16,,6.75,0.24957
2025,6,22,17,,5.06,0.22133
2025,6,22,18,,4.09,0.55953
2025,6,22,19,,3.71,0.44253
2025,6,22,20,,3.44,0.2546
2025,6,22,21,,3.06,0.2551
2025,6,22,22,,2.53,0.22217
2025,6,22,23,,1.87,0.1803
2025,6,23,0,,1.16,0.17637
2025,6,23,1,,0.53,0.25513
2025,6,23,2,,0.16,0.2462
2025,6,23,3,,0.47,0.197
2025,6,23,4,,0.78,0.17557
2025,6,23,5,,0.78,0.23507
2025,6,23,6,,0.95,1.02787
2025,6,23,7,,1.08,0.24113
2025,6,23,8,,1.0,0.18393
2025,6,23,9,,0.88,0.17893
2025,6,23,10,,1.01,0.208
2025,6,23,11,,1.5,0.4109
2025,6,23,12,,2.28,0.2614
2025,6,23,13,,3.2,0.1779
2025,6,23,14,,4.0,0.1771
2025,6,23,15,,4.51,0.2378
2025,6,23,16,,4.5,0.25523
2025,6,23,17,,3.6,1.21667
2025,6,23,18,,3.59,0.9134
2025,6,23,19,,3.57,0.21517
2025,6,23,20,,3.48,0.26223
2025,6,23,21,,3.32,0.2644
2025,6,23,22,,2.93,0.23793
2025,6,23,23,,2.4,0.2041
2025,6,24,0,,2.19,0.1953
2025,6,24,1,,2.45,0.27977
2025,6,24,2,,2.83,0.37157
2025,6,24,3,,3.0,0.2126
2025,6,24,4,,3.01,0.99523
2025,6,24,5,,2.94,0.21697
2025,6,24,6,,2.88,0.26773
2025,6,24,7,,2.37,0.25817
2025,6,24,8,,2.01,0.20437
2025,6,24,9,,2.05,0.19953
2025,6,24,10,,2.46,0.22013
2025,6,24,11,,3.07,0.2642
2025,6,24,12,,3.7,0.31083
2025,6,24,13,,4.14,0.19707
2025,6,24,14,,4.4,0.36263
2025,6,24,15,,4.53,1.21073
2025,6,24,16,,4.5,1.1229
2025,6,24,17,,3.62,1.27233
2025,6,24,18,,3.85,0.60533
2025,6,24,19,,3.92,0.4025
2025,6,24,20,,3.6,0.43903
2025,6,24,21,,3.01,0.58337
2025,6,24,22,,2.15,0.78727
2025,6,24,23,,1.26,0.93137
2025,6,25,0,,0.56,0.42633
2025,6,25,1,,0.09,0.2342
2025,6,25,2,,0.25,0.2531
2025,6,25,3,,0.66,0.21183
2025,6,25,4,,1.34,0.17293
2025,6,25,5,,1.59,0.1771
2025,6,25,6,,1.61,0.66477
2025,6,25,7,,1.48,1.55713
2025,6,25,8,,1.62,1.23367
2025,6,25,9,,2.14,1.20377
2025,6,25,10,,3.1,0.29887
2025,6,25,11,,4.22,0.24383
2025,6,25,12,,5.25,0.23927
2025,6,25,13,,5.99,0.1997
2025,6,25,14,,6.35,0.1751
2025,6,25,15,,6.31,0.20453
2025,6,25,16,,5.87,0.30097
2025,6,25,17,,5.14,0.32453
2025,6,25,18,,4.77,0.83253
2025,6,25,19,,4.31,0.20963
2025,6,25,20,,3.71,0.95337
2025,6,25,21,,3.26,3.56833
2025,6,25,22,,3.16,2.71213
2025,6,25,23,,3.09,1.4724
2025,6,26,0,,3.01,0.67933
2025,6,26,1,,2.93,0.60677
2025,6,26,2,,2.87,0.21773
2025,6,26,3,,2.97,0.27073
2025,6,26,4,,2.97,0.24323
2025,6,26,5,,3.01,0.18587
2025,6,26,6,,3.42,0.5065
2025,6,26,7,,3.32,1.42643
2025,6,26,8,,3.42,1.30727
2025,6,26,9,,3.82,0.9824
2025,6,26,10,,4.29,0.18213
2025,6,26,11,,4.75,0.2041
2025,6,26,12,,5.17,0.25567
2025,6,26,13,,5.5,0.2238
2025,6,26,14,,5.71,0.178
2025,6,26,15,,5.82,0.1913
2025,6,26,16,,5.72,0.2474
2025,6,26,17,,5.06,0.24843
2025,6,26,18,,5.12,0.82727
2025,6,26,19,,5.01,0.43233
2025,6,26,20,,4.63,0.45767
2025,6,26,21,,4.31,0.76893
2025,6,26,22,,4.1,3.5618
2025,6,26,23,,3.96,1.54337
2025,6,27,0,,3.97,0.2218
2025,6,27,1,,4.04,0.2727
2025,6,27,2,,4.1,0.2446
2025,6,27,3,,4.99,0.2086
2025,6,27,4,,4.9,0.20797
2025,6,27,5,,5.74,0.27443
2025,6,27,6,,6.22,1.2687
2025,6,27,7,,6.18,2.33223
2025,6,27,8,,6.17,2.05023
2025,6,27,9,,6.3,1.31193
2025,6,27,10,,6.62,1.27283
2025,6,27,11,,6.98,0.26807
2025,6,27,12,,7.29,0.1873
2025,6,27,13,,7.47,0.37497
2025,6,27,14,,7.5,0.4846
2025,6,27,15,,7.46,0.23243
2025,6,27,16,,7.16,0.1898
2025,6,27,17,,6.32,0.21743
2025,6,27,18,,5.7,0.3267
2025,6,27,19,,5.3,2.77197
2025,6,27,20,,4.92,3.0546
2025,6,27,21,,4.5,4.59797
2025,6,27,22,,4.21,1.89313
2025,6,27,23,,4.1,0.41543
2025,6,28,0,,4.1,0.33513
2025,6,28,1,,4.08,0.28567
2025,6,28,2,,4.0,0.22607
2025,6,28,3,,4.61,0.23367
2025,6,28,4,,4.84,0.2933
2025,6,28,5,,5.46,0.38833
2025,6,28,6,,5.82,0.6747
2025,6,28,7,,6.1,0.57773
2025,6,28,8,,6.36,0.51717
2025,6,28,9,,6.46,1.45133
2025,6,28,10,,6.61,1.6878
2025,6,28,11,,6.9,1.24617
2025,6,28,12,,7.26,1.24887
2025,6,28,13,,7.58,0.91297
2025,6,28,14,,7.98,0.24937
2025,6,28,15,,8.27,0.22163
2025,6,28,16,,8.12,0.22
2025,6,28,17,,7.55,0.286
2025,6,28,18,,7.04,1.8199
2025,6,28,19,,6.47,2.79037
2025,6,28,20,,6.17,2.5907
2025,6,28,21,,6.19,1.37613
2025,6,28,22,,6.31,1.44143
2025,6,28,23,,6.75,0.5162
2025,6,29,0,,7.6,0.6719
2025,6,29,1,,8.79,0.19473
2025,6,29,2,,9.24,0.20357
2025,6,29,3,,8.72,0.2588
2025,6,29,4,,9.08,0.2431
2025,6,29,5,,9.7,0.18733
2025,6,29,6,,9.82,0.1766
2025,6,29,7,,10.03,0.25223
2025,6,29,8,,10.45,1.3581
2025,6,29,9,,10.75,0.20607
2025,6,29,10,,10.77,0.4816
2025,6,29,11,,10.64,1.9816
2025,6,29,12,,10.41,1.76953
2025,6,29,13,,10.1,1.54313
2025,6,29,14,,9.6,0.4877
2025,6,29,15,,8.83,0.3506
2025,6,29,16,,7.69,0.375
2025,6,29,17,,5.97,0.5146
2025,6,29,18,,4.43,1.51917
2025,6,29,19,,3.47,2.11423
2025,6,29,20,,2.75,1.28157
2025,6,29,21,,2.12,3.11997
2025,6,29,22,,1.51,1.5143
2025,6,29,23,,0.93,0.93463
2025,6,30,0,,0.6,0.25953
2025,6,30,1,,0.5,0.2525
2025,6,30,2,,0.56,0.1986
2025,6,30,3,,0.76,0.18433
2025,6,30,4,,1.18,0.2691
2025,6,30,5,,1.67,0.3091
2025,6,30,6,,2.04,1.86067
2025,6,30,7,,2.57,1.2586
2025,6,30,8,,3.26,0.89593
2025,6,30,9,,3.78,0.22693
2025,6,30,10,,4.15,0.20743
2025,6,30,11,,4.35,0.2269
2025,6,30,12,,4.41,0.35383
2025,6,30,13,,4.36,0.26753
2025,6,30,14,,4.23,0.29467
2025,6,30,15,,4.12,0.4097
2025,6,30,16,,3.88,1.4455
2025,6,30,17,,3.33,2.0327
2025,6,30,18,,2.78,1.46773
2025,6,30,19,,2.5,2.88723
2025,6,30,20,,2.41,2.36303
2025,6,30,21,,2.39,1.72083
2025,6,30,22,,2.35,1.23583
2025,6,30,23,,2.2,1.627
2025,7,1,0,,1.9,2.49373
2025,7,1,1,,1.39,0.9909
2025,7,1,2,,1.01,0.7899
2025,7,1,3,,1.45,0.28747
2025,7,1,4,,2.12,0.51553
2025,7,1,5,,2.85,0.49173
2025,7,1,6,,3.44,0.43567
2025,7,1,7,,3.92,0.4426
2025,7,1,8,,4.3,0.5233
2025,7,1,9,,4.7,0.90987
2025,7,1,10,,5.4,1.31057
2025,7,1,11,,6.4,1.2982
2025,7,1,12,,7.41,0.51073
2025,7,1,13,,8.14,0.24323
2025,7,1,14,,8.59,0.35907
2025,7,1,15,,8.74,0.36407
2025,7,1,16,,8.53,0.3132
2025,7,1,17,,7.94,0.27387
2025,7,1,18,,7.28,0.95093
2025,7,1,19,,6.56,0.61993
2025,7,1,20,,5.58,0.6071
2025,7,1,21,,4.81,0.9037
2025,7,1,22,,4.62,1.05323
2025,7,1,23,,4.54,0.42253
2025,7,2,0,,4.47,0.2535
2025,7,2,1,,4.39,0.2182
2025,7,2,2,,4.33,0.1717
2025,7,2,3,,4.9,0.18723
2025,7,2,4,,5.53,0.25207
2025,7,2,5,,5.79,0.23207
2025,7,2,6,,5.92,0.5578
2025,7,2,7,,5.99,1.3633
2025,7,2,8,,6.1,0.45403
2025,7,2,9,,6.23,0.21383
2025,7,2,10,,6.39,0.17617
2025,7,2,11,,6.64,0.1942
2025,7,2,12,,7.0,0.2434
2025,7,2,13,,7.45,0.21067
2025,7,2,14,,7.77,0.16383
2025,7,2,15,,7.9,0.1925
2025,7,2,16,,7.71,0.75613
2025,7,2,17,,7.01,0.37213
2025,7,2,18,,6.15,0.1961
2025,7,2,19,,5.08,0.68203
2025,7,2,20,,3.99,2.0822
2025,7,2,21,,3.43,2.6667
2025,7,2,22,,3.02,3.10567
2025,7,2,23,,2.53,1.17173
2025,7,3,0,,2.09,0.50563
2025,7,3,1,,2.0,0.3362
2025,7,3,2,,2.26,0.30573
2025,7,3,3,,2.7,0.2812
2025,7,3,4,,3.16,0.25017
2025,7,3,5,,3.11,0.27213
2025,7,3,6,,3.08,0.31013
2025,7,3,7,,3.45,2.0768
2025,7,3,8,,4.07,1.3089
2025,7,3,9,,4.71,1.2535
2025,7,3,10,,5.51,0.3027
2025,7,3,11,,6.45,0.26713
2025,7,3,12,,7.26,0.23393
2025,7,3,13,,7.75,0.24097
2025,7,3,14,,7.92,0.2904
2025,7,3,15,,7.9,0.25807
2025,7,3,16,,7.82,0.2297
2025,7,3,17,,7.35,0.26277
2025,7,3,18,,6.66,0.8508
2025,7,3,19,,5.66,0.59903
2025,7,3,20,,4.62,0.66887
2025,7,3,21,,3.97,1.35887
2025,7,3,22,,3.7,3.94863
2025,7,3,23,,3.61,1.25293
2025,7,4,0,,3.67,0.82243
2025,7,4,1,,3.81,0.22897
2025,7,4,2,,3.95,0.265
2025,7,4,3,,4.6,0.30607
2025,7,4,4,,5.18,0.24777
2025,7,4,5,,5.1,0.23143
2025,7,4,6,,4.93,0.66967
2025,7,4,7,,4.9,2.78787
2025,7,4,8,,5.05,1.31927
2025,7,4,9,,5.34,1.26177
2025,7,4,10,,5.8,0.4079
2025,7,4,11,,6.3,0.27777
2025,7,4,12,,6.72,0.2451
2025,7,4,13,,6.92,0.21037
2025,7,4,14,,6.87,0.24507
2025,7,4,15,,6.66,0.28513
2025,7,4,16,,6.2,0.21713
2025,7,4,17,,5.47,0.2023
2025,7,4,18,,5.19,0.82833
2025,7,4,19,,4.91,2.52513
2025,7,4,20,,4.45,1.01067
2025,7,4,21,,3.93,0.40217
2025,7,4,22,,3.48,0.38883
2025,7,4,23,,3.15,1.33737
2025,7,5,0,,2.91,0.3405
2025,7,5,1,,2.82,0.31723
2025,7,5,2,,2.87,0.27627
2025,7,5,3,,3.41,0.2347
2025,7,5,4,,3.96,0.2399
2025,7,5,5,,4.66,0.2322
2025,7,5,6,,4.83,0.22023
2025,7,5,7,,4.78,1.0726
2025,7,5,8,,4.71,1.3316
2025,7,5,9,,4.78,1.29653
2025,7,5,10,,5.13,0.28757
2025,7,5,11,,5.65,0.17843
2025,7,5,12,,6.18,0.19943
2025,7,5,13,,6.64,0.28107
2025,7,5,14,,7.06,0.26487
2025,7,5,15,,7.41,0.30617
2025,7,5,16,,7.52,0.25693
2025,7,5,17,,7.09,0.2575
2025,7,5,18,,6.62,0.60293
2025,7,5,19,,6.0,1.88197
2025,7,5,20,,5.21,2.0064
2025,7,5,21,,4.6,1.6527
2025,7,5,22,,4.4,2.70363
2025,7,5,23,,4.41,1.18013
2025,7,6,0,,4.47,0.51487
2025,7,6,1,,4.52,0.2771
2025,7,6,2,,4.58,0.23173
2025,7,6,3,,5.28,0.17933
2025,7,6,4,,6.04,0.19
2025,7,6,5,,6.71,0.56337
2025,7,6,6,,6.91,0.4718
2025,7,6,7,,6.77,0.69623
2025,7,6,8,,6.51,0.92493
2025,7,6,9,,6.34,0.56503
2025,7,6,10,,6.4,0.19647
2025,7,6,11,,6.7,0.1764
2025,7,6,12,,7.05,0.18013
2025,7,6,13,,7.38,0.1898
2025,7,6,14,,7.61,0.22837
2025,7,6,15,,7.7,0.2612
2025,7,6,16,,7.53,0.25927
2025,7,6,17,,6.89,0.25627
2025,7,6,18,,6.36,1.13437
2025,7,6,19,,5.76,1.4512
2025,7,6,20,,4.96,2.5567
2025,7,6,21,,4.26,4.27223
2025,7,6,22,,3.94,1.5467
2025,7,6,23,,3.91,0.5019
2025,7,7,0,,3.97,2.52347
2025,7,7,1,,4.0,2.52583
2025,7,7,2,,3.79,0.61273
2025,7,7,3,,4.16,0.20067
2025,7,7,4,,4.05,0.23413
2025,7,7,5,,3.8,0.24367
2025,7,7,6,,3.65,0.18753
2025,7,7,7,,3.59,1.35443
2025,7,7,8,,3.36,1.51293
2025,7,7,9,,3.46,1.14707
2025,7,7,10,,3.86,0.20443
2025,7,7,11,,4.4,0.30827
2025,7,7,12,,4.97,0.31443
2025,7,7,13,,5.51,1.1797
2025,7,7,14,,5.97,1.46937
2025,7,7,15,,6.23,0.524
2025,7,7,16,,6.25,0.2404
2025,7,7,17,,5.91,0.83437
2025,7,7,18,,5.83,0.87377
2025,7,7,19,,5.56,0.5651
2025,7,7,20,,4.94,1.8113
2025,7,7,21,,4.24,1.45617
2025,7,7,22,,3.79,1.56083
2025,7,7,23,,3.67,0.75217
2025,7,8,0,,3.64,0.37353
2025,7,8,1,,3.57,0.34447
2025,7,8,2,,3.44,1.05877
2025,7,8,3,,3.69,1.35887
2025,7,8,4,,3.65,0.72493
2025,7,8,5,,3.22,0.275
2025,7,8,6,,2.96,0.21237
2025,7,8,7,,2.77,0.21583
2025,7,8,8,,2.63,0.28423
2025,7,8,9,,2.79,0.2208
2025,7,8,10,,3.15,0.75377
2025,7,8,11,,3.57,1.58923
2025,7,8,12,,3.91,0.83443
2025,7,8,13,,4.15,0.79043
2025,7,8,14,,4.31,0.915
2025,7,8,15,,4.36,0.2763
2025,7,8,16,,4.29,0.2113
2025,7,8,17,,4.17,2.09807
2025,7,8,18,,4.37,1.33723
2025,7,8,19,,4.29,0.6863
2025,7,8,20,,3.86,0.6626
2025,7,8,21,,3.29,0.25787
2025,7,8,22,,2.53,0.83113
2025,7,8,23,,2.07,1.83887
2025,7,9,0,,1.79,1.58213
2025,7,9,1,,1.39,0.27477
2025,7,9,2,,1.04,0.22443
2025,7,9,3,,1.06,0.19113
2025,7,9,4,,1.46,0.2585
2025,7,9,5,,1.88,0.22167
2025,7,9,6,,2.5,0.21673
2025,7,9,7,,3.0,1.4233
2025,7,9,8,,3.33,1.2164
2025,7,9,9,,3.54,1.29173
2025,7,9,10,,3.62,1.28197
2025,7,9,11,,3.55,1.35597
2025,7,9,12,,3.56,0.66043
2025,7,9,13,,3.89,0.3206
2025,7,9,14,,4.63,0.26573
2025,7,9,15,,5.56,0.2707
2025,7,9,16,,6.13,1.08607
2025,7,9,17,,5.65,0.24257
2025,7,9,18,,4.83,0.3806
2025,7,9,19,,4.21,0.47987
2025,7,9,20,,4.09,0.7137
2025,7,9,21,,4.45,1.18093
2025,7,9,22,,5.42,2.6201
2025,7,9,23,,8.59,1.90927
2025,7,10,0,,9.55,1.30407
2025,7,10,1,,8.49,0.30883
2025,7,10,2,,7.29,0.21433
2025,7,10,3,,6.41,0.2237
2025,7,10,4,,5.66,0.26713
2025,7,10,5,,4.89,0.21
2025,7,10,6,,4.32,0.2152
2025,7,10,7,,3.92,1.9449
2025,7,10,8,,3.63,1.27073
2025,7,10,9,,3.55,0.40963
2025,7,10,10,,3.69,0.2587
2025,7,10,11,,4.02,0.2074
2025,7,10,12,,4.45,0.2003
2025,7,10,13,,4.89,0.22743
2025,7,10,14,,5.28,0.2334
2025,7,10,15,,5.63,0.68123
2025,7,10,16,,5.81,0.3331
2025,7,10,17,,5.72,0.25667
2025,7,10,18,,5.58,0.20353
2025,7,10,19,,5.28,0.68853
2025,7,10,20,,4.88,0.60247
2025,7,10,21,,4.48,1.24287
2025,7,10,22,,4.05,3.25283
2025,7,10,23,,3.63,0.38173
2025,7,11,0,,3.57,0.23113
2025,7,11,1,,3.68,0.2069
2025,7,11,2,,3.94,0.2592
2025,7,11,3,,5.03,0.20553
2025,7,11,4,,5.6,0.193
2025,7,11,5,,6.06,0.5888
2025,7,11,6,,6.3,0.75873
2025,7,11,7,,6.4,0.9147
2025,7,11,8,,6.45,1.80097
2025,7,11,9,,6.43,1.79237
2025,7,11,10,,6.34,1.22597
2025,7,11,11,,6.43,0.43717
2025,7,11,12,,6.79,0.22057
2025,7,11,13,,7.32,0.18637
2025,7,11,14,,7.81,0.2408
2025,7,11,15,,7.93,0.2245
2025,7,11,16,,7.81,0.19177
2025,7,11,17,,7.35,0.26523
2025,7,11,18,,6.78,0.56893
2025,7,11,19,,6.3,0.6275
2025,7,11,20,,5.86,0.2281
2025,7,11,21,,5.17,0.24093
2025,7,11,22,,4.48,0.2044
2025,7,11,23,,4.26,0.22563
2025,7,12,0,,4.24,0.5118
2025,7,12,1,,4.33,0.78967
2025,7,12,2,,4.47,0.22727
2025,7,12,3,,5.51,0.23003
2025,7,12,4,,6.5,0.19543
2025,7,12,5,,6.66,0.22063
2025,7,12,6,,6.61,0.23873
2025,7,12,7,,6.62,0.38983
2025,7,12,8,,6.69,1.1667
2025,7,12,9,,6.83,0.75653
2025,7,12,10,,7.11,0.1828
2025,7,12,11,,7.52,0.218
2025,7,12,12,,8.0,0.23677
2025,7,12,13,,8.44,0.29537
2025,7,12,14,,8.75,0.2094
2025,7,12,15,,8.79,0.2476
2025,7,12,16,,8.39,0.1941
2025,7,12,17,,7.45,1.04777
2025,7,12,18,,6.49,0.8781
2025,7,12,19,,5.62,2.15243
2025,7,12,20,,4.79,2.0498
2025,7,12,21,,4.46,2.85887
2025,7,12,22,,4.44,2.07323
2025,7,12,23,,4.51,0.4555
2025,7,13,0,,4.62,0.31413
2025,7,13,1,,4.76,0.21683
2025,7,13,2,,4.9,0.22263
2025,7,13,3,,5.6,0.3064
2025,7,13,4,,6.32,0.2128
2025,7,13,5,,6.95,0.21943
2025,7,13,6,,7.35,0.29643
2025,7,13,7,,7.69,1.737
2025,7,13,8,,8.05,1.4925
2025,7,13,9,,8.41,1.326
2025,7,13,10,,8.68,0.779
2025,7,13,11,,8.74,0.21127
2025,7,13,12,,8.68,0.28393
2025,7,13,13,,8.54,0.20473
2025,7,13,14,,8.33,0.22753
2025,7,13,15,,8.02,0.2741
2025,7,13,16,,7.49,0.25087
2025,7,13,17,,6.47,0.20927
2025,7,13,18,,5.78,0.42957
2025,7,13,19,,5.12,1.201
2025,7,13,20,,4.66,0.81737
2025,7,13,21,,4.42,0.49557
2025,7,13,22,,4.29,0.9159
2025,7,13,23,,4.19,0.59543
2025,7,14,0,,4.15,1.1096
2025,7,14,1,,4.24,0.2731
2025,7,14,2,,4.48,0.18963
2025,7,14,3,,5.25,0.22267
2025,7,14,4,,5.97,0.2311
2025,7,14,5,,6.96,0.1834
2025,7,14,6,,7.21,0.22083
2025,7,14,7,,7.22,0.47767
2025,7,14,8,,7.37,0.62063
2025,7,14,9,,7.6,0.7864
2025,7,14,10,,7.9,1.79137
2025,7,14,11,,8.22,1.81193
2025,7,14,12,,8.53,0.46917
2025,7,14,13,,8.8,0.38533
2025,7,14,14,,8.93,1.64203
2025,7,14,15,,8.8,0.79057
2025,7,14,16,,8.38,1.3296
2025,7,14,17,,7.64,0.58333
2025,7,14,18,,7.03,0.92053
2025,7,14,19,,6.52,3.7519
2025,7,14,20,,6.01,0.93267
2025,7,14,21,,5.66,0.70757
2025,7,14,22,,5.33,1.64537
2025,7,14,23,,5.14,0.3931
2025,7,15,0,,5.0,0.25153
2025,7,15,1,,5.03,0.30407
2025,7,15,2,,5.29,0.27433
2025,7,15,3,,6.44,0.238
2025,7,15,4,,7.45,0.28893
2025,7,15,5,,8.39,0.26847
2025,7,15,6,,8.94,0.2421
2025,7,15,7,,9.26,0.78837
2025,7,15,8,,9.48,0.5955
2025,7,15,9,,9.8,0.29047
2025,7,15,10,,10.21,0.36127
2025,7,15,11,,10.55,0.3251
2025,7,15,12,,10.78,0.48233
2025,7,15,13,,10.81,0.96063
2025,7,15,14,,10.58,1.49453
2025,7,15,15,,9.72,1.09723
2025,7,15,16,,8.34,0.49392
2025,7,15,17,,6.97,
2025,7,15,18,,6.32,0.83733
2025,7,15,19,,5.33,0.62581
2025,7,15,20,,4.66,0.9503
2025,7,15,21,,4.53,1.81923
2025,7,15,22,,4.62,1.82047
2025,7,15,23,,4.56,1.35953
2025,7,16,0,,4.47,0.49547
2025,7,16,1,,4.39,0.24163
2025,7,16,2,,4.41,0.26487
2025,7,16,3,,5.17,0.28147
2025,7,16,4,,5.51,0.21727
2025,7,16,5,,6.15,0.2674
2025,7,16,6,,6.51,0.45167
2025,7,16,7,,6.49,1.37507
2025,7,16,8,,6.41,1.25867
2025,7,16,9,,6.47,0.35977
2025,7,16,10,,6.71,0.2329
2025,7,16,11,,7.0,0.2467
2025,7,16,12,,7.23,0.3288
2025,7,16,13,,7.36,0.71623
2025,7,16,14,,7.41,0.69433
2025,7,16,15,,7.28,0.8036
2025,7,16,16,,6.78,0.20553
2025,7,16,17,,5.8,0.39853
2025,7,16,18,,5.15,0.7001
2025,7,16,19,,4.39,0.9101
2025,7,16,20,,3.75,1.2389
2025,7,16,21,,3.48,0.76657
2025,7,16,22,,3.28,1.3103
2025,7,16,23,,3.1,0.46203
2025,7,17,0,,2.93,0.25747
2025,7,17,1,,2.77,0.24297
2025,7,17,2,,2.69,0.1981
2025,7,17,3,,3.0,0.2592
2025,7,17,4,,3.2,0.23367
2025,7,17,5,,3.37,0.2055
2025,7,17,6,,3.54,0.458
2025,7,17,7,,3.43,0.95687
2025,7,17,8,,3.32,2.01487
2025,7,17,9,,3.46,0.74807
2025,7,17,10,,3.72,0.2303
2025,7,17,11,,4.03,0.201
2025,7,17,12,,4.37,0.2337
2025,7,17,13,,4.76,0.24187
2025,7,17,14,,5.18,0.1949
2025,7,17,15,,5.24,0.2346
2025,7,17,16,,5.03,0.25027
2025,7,17,17,,4.72,0.19537
2025,7,17,18,,4.58,0.93257
2025,7,17,19,,4.02,0.5344
2025,7,17,20,,3.01,0.66253
2025,7,17,21,,2.24,0.9732
2025,7,17,22,,1.7,1.2975
2025,7,17,23,,0.73,0.23697
2025,7,18,0,,1.22,0.2232
2025,7,18,1,,2.67,0.24657
2025,7,18,2,,4.37,0.19553
2025,7,18,3,,6.48,0.20383
2025,7,18,4,,7.85,0.2526
2025,7,18,5,,7.57,0.17907
2025,7,18,6,,6.59,0.6247
2025,7,18,7,,5.75,1.9317
2025,7,18,8,,5.16,2.1119
2025,7,18,9,,4.91,1.62593
2025,7,18,10,,4.97,1.17963
2025,7,18,11,,5.16,0.20563
2025,7,18,12,,5.42,0.21623
2025,7,18,13,,5.56,0.2429
2025,7,18,14,,5.62,0.19043
2025,7,18,15,,5.58,0.21447
2025,7,18,16,,5.66,0.2513
2025,7,18,17,,5.76,0.23347
2025,7,18,18,,5.89,0.38583
2025,7,18,19,,5.77,0.88077
2025,7,18,20,,5.5,0.19963
2025,7,18,21,,5.0,0.23083
2025,7,18,22,,4.35,0.3888
2025,7,18,23,,3.95,0.20307
2025,7,19,0,,3.81,0.21657
2025,7,19,1,,3.76,0.25647
2025,7,19,2,,3.82,0.19627
2025,7,19,3,,4.48,0.21187
2025,7,19,4,,5.13,0.26103
2025,7,19,5,,5.46,0.60437
2025,7,19,6,,5.62,1.09327
2025,7,19,7,,5.58,0.68543
2025,7,19,8,,5.49,0.89577
2025,7,19,9,,5.49,0.2147
2025,7,19,10,,5.57,0.25737
2025,7,19,11,,5.7,0.199
2025,7,19,12,,5.79,0.19943
2025,7,19,13,,5.83,0.27033
2025,7,19,14,,5.85,0.18823
2025,7,19,15,,5.81,0.2145
2025,7,19,16,,5.67,0.2609
2025,7,19,17,,5.36,0.3793
2025,7,19,18,,5.27,0.8407
2025,7,19,19,,4.96,0.69107
2025,7,19,20,,4.22,1.505
2025,7,19,21,,3.52,0.79773
2025,7,19,22,,3.13,0.33927
2025,7,19,23,,2.88,0.51953
2025,7,20,0,,2.69,0.21027
2025,7,20,1,,2.47,0.2809
2025,7,20,2,,2.21,0.21463
2025,7,20,3,,2.2,0.1986
2025,7,20,4,,2.32,0.26273
2025,7,20,5,,2.27,0.872
2025,7,20,6,,2.01,0.19667
2025,7,20,7,,1.71,0.54543
2025,7,20,8,,1.7,0.27487
2025,7,20,9,,1.97,1.33763
2025,7,20,10,,2.25,0.91047
2025,7,20,11,,2.53,0.3487
2025,7,20,12,,2.9,0.57233
2025,7,20,13,,3.33,0.83973
2025,7,20,14,,3.74,0.40257
2025,7,20,15,,3.96,0.62793
2025,7,20,16,,4.05,0.33493
2025,7,20,17,,4.15,1.03573
2025,7,20,18,,4.48,2.81283
2025,7,20,19,,4.47,1.9397
2025,7,20,20,,4.03,1.08393
2025,7,20,21,,3.17,1.40363
2025,7,20,22,,2.55,1.51773
2025,7,20,23,,2.1,0.28307
2025,7,21,0,,1.6,0.18797
2025,7,21,1,,1.12,0.22183
2025,7,21,2,,0.86,0.22027
2025,7,21,3,,1.02,0.18497
2025,7,21,4,,1.34,0.22013
2025,7,21,5,,1.21,0.2242
2025,7,21,6,,1.06,0.41803
2025,7,21,7,,0.95,1.69493
2025,7,21,8,,0.9,1.3896
2025,7,21,9,,0.94,0.70213
2025,7,21,10,,1.22,0.41493
2025,7,21,11,,1.65,1.29387
2025,7,21,12,,2.15,0.8366
2025,7,21,13,,2.71,1.05797
2025,7,21,14,,3.31,1.11627
2025,7,21,15,,3.84,0.27833
2025,7,21,16,,4.15,0.36883
2025,7,21,17,,4.23,0.51167
2025,7,21,18,,4.59,1.50553
2025,7,21,19,,4.71,1.43267
2025,7,21,20,,4.51,0.88117
2025,7,21,21,,3.87,0.33777
2025,7,21,22,,3.02,0.3215
2025,7,21,23,,2.48,1.84963
2025,7,22,0,,2.25,0.52713
2025,7,22,1,,2.16,0.6544
2025,7,22,2,,2.11,0.19763
2025,7,22,3,,2.13,0.1869
2025,7,22,4,,1.97,0.19603
2025,7,22,5,,1.36,0.18227
2025,7,22,6,,1.05,0.1857
2025,7,22,7,,1.21,0.99977
2025,7,22,8,,1.66,0.2438
2025,7,22,9,,1.8,0.3758
2025,7,22,10,,1.56,2.56543
2025,7,22,11,,1.33,3.03323
2025,7,22,12,,1.12,1.89597
2025,7,22,13,,1.1,1.3722
2025,7,22,14,,1.33,1.47907
2025,7,22,15,,1.71,0.2837
2025,7,22,16,,2.06,0.26203
2025,7,22,17,,2.21,0.6127
2025,7,22,18,,2.58,0.53607
2025,7,22,19,,2.76,1.92107
2025,7,22,20,,2.72,0.3455
2025,7,22,21,,2.57,1.83633
2025,7,22,22,,2.35,2.10507
2025,7,22,23,,1.97,0.9407
2025,7,23,0,,1.52,0.22617
2025,7,23,1,,1.17,0.19647
2025,7,23,2,,1.11,0.22033
2025,7,23,3,,1.33,0.20373
2025,7,23,4,,1.82,0.19547
2025,7,23,5,,1.98,0.20733
2025,7,23,6,,2.33,0.6541
2025,7,23,7,,2.42,0.21293
2025,7,23,8,,2.5,0.45827
2025,7,23,9,,2.75,0.53383
2025,7,23,10,,3.35,1.4376
2025,7,23,11,,4.24,1.20203
2025,7,23,12,,5.26,2.70187
2025,7,23,13,,6.26,0.4112
2025,7,23,14,,7.13,0.74013
2025,7,23,15,,7.7,0.51297
2025,7,23,16,,7.88,1.0384
2025,7,23,17,,7.67,0.28227
2025,7,23,18,,7.49,0.43167
2025,7,23,19,,7.19,0.8225
2025,7,23,20,,6.96,1.46173
2025,7,23,21,,6.59,1.1664
2025,7,23,22,,6.32,1.0159
2025,7,23,23,,6.36,0.18367
2025,7,24,0,,6.42,0.1838
2025,7,24,1,,6.52,0.16737
2025,7,24,2,,6.64,0.67737
2025,7,24,3,,7.16,0.18923
2025,7,24,4,,7.1,0.17367
2025,7,24,5,,6.68,0.1685
2025,7,24,6,,6.58,0.17937
2025,7,24,7,,6.69,1.42497
2025,7,24,8,,6.85,1.45567
2025,7,24,9,,7.12,1.19667
2025,7,24,10,,7.65,1.17933
2025,7,24,11,,8.26,0.74123
2025,7,24,12,,8.69,0.19307
2025,7,24,13,,8.85,0.18613
2025,7,24,14,,8.87,0.18677
2025,7,24,15,,8.88,0.1973
2025,7,24,16,,8.68,0.17717
2025,7,24,17,,8.13,0.23067
2025,7,24,18,,7.76,0.35333
2025,7,24,19,,7.39,1.44
2025,7,24,20,,7.09,0.40273
2025,7,24,21,,6.72,0.72343
2025,7,24,22,,6.24,0.6725
2025,7,24,23,,5.81,1.25447
2025,7,25,0,,5.45,0.259
2025,7,25,1,,5.18,0.22377
2025,7,25,2,,5.02,0.8511
2025,7,25,3,,5.64,0.232
2025,7,25,4,,6.24,0.19917
2025,7,25,5,,6.65,0.19993
2025,7,25,6,,6.69,0.4311
2025,7,25,7,,6.52,0.77937
2025,7,25,8,,6.52,0.94073
2025,7,25,9,,6.8,0.186
2025,7,25,10,,7.32,0.1843
2025,7,25,11,,7.97,0.18427
2025,7,25,12,,8.54,0.1769
2025,7,25,13,,9.01,0.19403
2025,7,25,14,,9.28,0.19257
2025,7,25,15,,9.14,0.18203
2025,7,25,16,,8.47,0.18623
2025,7,25,17,,7.27,0.4939
2025,7,25,18,,6.45,0.60243
2025,7,25,19,,5.84,0.20207
2025,7,25,20,,5.35,0.18783
2025,7,25,21,,5.15,0.1788
2025,7,25,22,,5.09,0.3598
2025,7,25,23,,5.07,0.24867
2025,7,26,0,,5.07,0.18667
2025,7,26,1,,5.08,0.35947
2025,7,26,2,,5.14,0.75577
2025,7,26,3,,6.05,0.18677
2025,7,26,4,,7.06,0.19503
2025,7,26,5,,8.08,0.19007
2025,7,26,6,,8.7,0.385
2025,7,26,7,,8.95,0.67627
2025,7,26,8,,9.19,1.66767
2025,7,26,9,,9.49,1.5946
2025,7,26,10,,9.93,0.1846
2025,7,26,11,,10.43,0.19183
2025,7,26,12,,10.85,0.17947
2025,7,26,13,,11.1,0.17993
2025,7,26,14,,11.05,0.188
2025,7,26,15,,10.75,0.19193
2025,7,26,16,,9.96,0.18903
2025,7,26,17,,8.85,0.21207
2025,7,26,18,,8.16,0.97323
2025,7,26,19,,7.54,2.47307
2025,7,26,20,,6.82,1.757
2025,7,26,21,,6.28,1.93067
2025,7,26,22,,6.2,0.3509
2025,7,26,23,,6.24,0.2093
2025,7,27,0,,6.28,0.19353
2025,7,27,1,,6.26,0.79647
2025,7,27,2,,6.14,0.18263
2025,7,27,3,,6.6,0.19523
2025,7,27,4,,6.87,0.18623
2025,7,27,5,,6.33,0.17057
2025,7,27,6,,5.6,0.1797
2025,7,27,7,,4.93,1.95683
2025,7,27,8,,4.41,1.61513
2025,7,27,9,,4.25,1.64053
2025,7,27,10,,4.4,0.1789
2025,7,27,11,,4.86,0.19303
2025,7,27,12,,5.44,0.18197
2025,7,27,13,,5.86,0.17993
2025,7,27,14,,6.17,0.4686
2025,7,27,15,,6.23,1.3765
2025,7,27,16,,6.05,1.32147
2025,7,27,17,,5.59,1.3178
2025,7,27,18,,4.85,0.70193
2025,7,27,19,,3.8,0.75757
2025,7,27,20,,2.94,1.37087
2025,7,27,21,,1.99,1.80837
2025,7,27,22,,1.26,2.2491
2025,7,27,23,,1.1,0.819
2025,7,28,0,,1.24,0.44673
2025,7,28,1,,1.49,0.19803
2025,7,28,2,,1.64,0.2034
2025,7,28,3,,2.02,0.19727
2025,7,28,4,,2.0,0.21467
2025,7,28,5,,1.75,0.1767
2025,7,28,6,,1.49,0.2016
2025,7,28,7,,0.99,0.41517
2025,7,28,8,,0.71,0.8167
2025,7,28,9,,0.84,0.6552
2025,7,28,10,,0.99,1.25087
2025,7,28,11,,1.49,1.67697
2025,7,28,12,,2.22,2.17237
2025,7,28,13,,3.0,2.702
2025,7,28,14,,3.75,1.61697
2025,7,28,15,,4.26,1.92667
2025,7,28,16,,4.74,1.4924
2025,7,28,17,,5.09,2.0474
2025,7,28,18,,5.07,1.09523
2025,7,28,19,,4.53,2.98907
2025,7,28,20,,3.65,2.25313
2025,7,28,21,,2.73,1.37907
2025,7,28,22,,2.06,0.71403
2025,7,28,23,,1.47,0.1894
2025,7,29,0,,1.18,0.1695
2025,7,29,1,,1.02,0.17283
2025,7,29,2,,0.81,0.1819
2025,7,29,3,,0.83,0.15977
2025,7,29,4,,1.12,0.18403
2025,7,29,5,,1.6,0.1657
2025,7,29,6,,1.97,0.17397
2025,7,29,7,,2.63,0.73293
2025,7,29,8,,3.34,0.16357
2025,7,29,9,,3.61,0.17207
2025,7,29,10,,3.49,0.17123
2025,7,29,11,,3.14,0.1646
2025,7,29,12,,2.76,0.16467
2025,7,29,13,,2.44,0.16687
2025,7,29,14,,2.21,0.1642
2025,7,29,15,,2.24,0.1722
2025,7,29,16,,2.07,0.1708
2025,7,29,17,,1.85,0.16223
2025,7,29,18,,2.06,0.5862
2025,7,29,19,,2.31,0.48707
2025,7,29,20,,2.1,0.16167
2025,7,29,21,,1.81,0.17087
2025,7,29,22,,2.02,0.16733
2025,7,29,23,,2.59,0.16573
2025,7,30,0,,3.49,0.1718
2025,7,30,1,,4.35,0.16613
2025,7,30,2,,4.83,0.1641
2025,7,30,3,,5.2,0.17287
2025,7,30,4,,5.41,0.16477
2025,7,30,5,,5.23,0.16113
2025,7,30,6,,5.09,0.92507
2025,7,30,7,,5.02,0.3044
2025,7,30,8,,5.05,0.15583
2025,7,30,9,,5.35,0.17377
2025,7,30,10,,5.86,0.16787
2025,7,30,11,,6.56,0.26043
2025,7,30,12,,7.4,0.1656
2025,7,30,13,,8.18,0.171
2025,7,30,14,,8.74,0.14817
2025,7,30,15,,8.7,0.1674
2025,7,30,16,,8.27,0.17513
2025,7,30,17,,7.71,0.19293
2025,7,30,18,,7.26,1.19143
2025,7,30,19,,6.79,0.74887
2025,7,30,20,,6.52,0.28663
2025,7,30,21,,6.42,0.23663
2025,7,30,22,,6.41,0.4259
2025,7,30,23,,6.38,0.8824
2025,7,31,0,,6.35,0.26923
2025,7,31,1,,6.35,0.1654
2025,7,31,2,,6.27,0.16757
2025,7,31,3,,6.73,0.16323
2025,7,31,4,,7.9,0.16853
2025,7,31,5,,8.12,0.16903
2025,7,31,6,,8.05,0.1563
2025,7,31,7,,8.11,0.16657
2025,7,31,8,,8.39,0.17043
2025,7,31,9,,8.82,0.15223
2025,7,31,10,,9.28,0.9379
2025,7,31,11,,9.73,0.24397
2025,7,31,12,,10.15,2.0913
2025,7,31,13,,10.58,1.18433
2025,7,31,14,,10.9,0.2668
2025,7,31,15,,10.84,0.35707
2025,7,31,16,,10.34,0.8629
2025,7,31,17,,9.62,0.32713
2025,7,31,18,,8.98,0.41227
2025,7,31,19,,8.38,0.90703
2025,7,31,20,,7.79,1.92107
2025,7,31,21,,7.53,1.22773
2025,7,31,22,,7.33,0.83067
2025,7,31,23,,7.11,0.22017
2025,8,1,0,,6.99,0.1649
2025,8,1,1,,7.08,0.1759
2025,8,1,2,,7.26,0.22727
2025,8,1,3,,7.73,0.1756
2025,8,1,4,,9.17,1.21827
2025,8,1,5,,9.95,0.80233
2025,8,1,6,,10.28,0.495
2025,8,1,7,,10.5,0.16233
2025,8,1,8,,10.65,1.06374
2025,8,1,9,,10.75,2.14807
2025,8,1,10,,10.78,1.47817
2025,8,1,11,,10.76,1.44627
2025,8,1,12,,10.7,1.24823
2025,8,1,13,,10.64,1.17533
2025,8,1,14,,10.54,1.7354
2025,8,1,15,,10.36,1.27393
2025,8,1,16,,9.99,1.62933
2025,8,1,17,,9.4,0.34057
2025,8,1,18,,8.84,0.18537
2025,8,1,19,,8.24,0.19817
2025,8,1,20,,7.67,0.16513
2025,8,1,21,,7.33,0.1903
2025,8,1,22,,7.1,0.17733
2025,8,1,23,,6.82,0.16767
2025,8,2,0,,6.75,0.19357
2025,8,2,1,,6.94,1.95767
2025,8,2,2,,7.4,0.9549
2025,8,2,3,,7.82,0.1821
2025,8,2,4,,8.56,0.18117
2025,8,2,5,,9.32,0.1768
2025,8,2,6,,9.1,0.16567
2025,8,2,7,,8.42,0.18737
2025,8,2,8,,7.75,0.17503
2025,8,2,9,,8.11,0.6222
2025,8,2,10,,8.99,1.4474
2025,8,2,11,,9.7,1.6185
2025,8,2,12,,10.15,1.29123
2025,8,2,13,,10.35,1.16857
2025,8,2,14,,10.32,1.15647
2025,8,2,15,,10.04,1.1913
2025,8,2,16,,9.51,0.18223
2025,8,2,17,,8.46,0.17913
2025,8,2,18,,7.38,0.17677
2025,8,2,19,,6.41,0.17333
2025,8,2,20,,5.61,0.17627
2025,8,2,21,,4.91,0.1641
2025,8,2,22,,4.45,1.27097
2025,8,2,23,,4.16,1.99753
2025,8,3,0,,3.93,1.0709
2025,8,3,1,,3.71,0.497
2025,8,3,2,,3.53,0.60333
2025,8,3,3,,3.76,0.48677
2025,8,3,4,,4.97,0.2857
2025,8,3,5,,5.18,0.16067
2025,8,3,6,,4.97,0.17673
2025,8,3,7,,4.84,0.89253
2025,8,3,8,,4.86,1.17797
2025,8,3,9,,5.11,1.47277
2025,8,3,10,,5.53,1.3431
2025,8,3,11,,5.89,1.71083
2025,8,3,12,,6.16,1.7135
2025,8,3,13,,6.35,1.17563
2025,8,3,14,,6.52,1.20303
2025,8,3,15,,6.65,1.23877
2025,8,3,16,,6.57,0.22623
2025,8,3,17,,6.2,0.21513
2025,8,3,18,,5.83,0.20713
2025,8,3,19,,5.27,0.21303
2025,8,3,20,,4.63,0.2278
2025,8,3,21,,4.06,0.1954
2025,8,3,22,,3.74,0.2104
2025,8,3,23,,3.69,1.01837
2025,8,4,0,,3.79,1.13163
2025,8,4,1,,3.94,0.50337
2025,8,4,2,,4.08,0.4568
2025,8,4,3,,4.44,1.18937
2025,8,4,4,,5.3,0.18257
2025,8,4,5,,5.71,0.15753
2025,8,4,6,,5.74,0.16707
2025,8,4,7,,5.71,0.183
2025,8,4,8,,5.69,0.44397
2025,8,4,9,,5.73,1.36893
2025,8,4,10,,5.92,1.84123
2025,8,4,11,,6.29,1.98067
2025,8,4,12,,6.74,1.47757
2025,8,4,13,,7.22,1.3692
2025,8,4,14,,7.68,1.35927
2025,8,4,15,,7.88,0.6398
2025,8,4,16,,7.73,0.34173
2025,8,4,17,,7.2,0.3649
2025,8,4,18,,6.57,0.3316
2025,8,4,19,,6.05,0.35617
2025,8,4,20,,5.51,0.3322
2025,8,4,21,,5.01,0.3571
2025,8,4,22,,4.72,0.3415
2025,8,4,23,,4.57,2.206
2025,8,5,0,,4.48,1.80417
2025,8,5,1,,4.49,0.87317
2025,8,5,2,,4.58,0.2063
2025,8,5,3,,5.2,0.21707
2025,8,5,4,,6.34,0.22603
2025,8,5,5,,7.05,0.19223
2025,8,5,6,,7.32,0.20167
2025,8,5,7,,7.38,0.2014
2025,8,5,8,,7.44,0.21537
2025,8,5,9,,7.57,1.30823
2025,8,5,10,,7.77,1.6886
2025,8,5,11,,7.97,1.67557
2025,8,5,12,,8.12,1.23647
2025,8,5,13,,8.3,0.5048
2025,8,5,14,,8.47,0.17793
2025,8,5,15,,8.45,0.20243
2025,8,5,16,,8.13,0.17567
2025,8,5,17,,7.46,0.2019
2025,8,5,18,,6.97,0.18723
2025,8,5,19,,6.5,0.18693
2025,8,5,20,,6.16,0.19693
2025,8,5,21,,5.94,0.17607
2025,8,5,22,,6.03,0.48547
2025,8,5,23,,6.21,0.57667
2025,8,6,0,,6.62,0.96587
2025,8,6,1,,7.09,1.471
2025,8,6,2,,7.27,0.5881
2025,8,6,3,,7.6,0.18627
2025,8,6,4,,8.22,0.1804
2025,8,6,5,,8.49,0.19747
2025,8,6,6,,8.5,0.1779
2025,8,6,7,,8.38,1.28737
2025,8,6,8,,8.06,1.77687
2025,8,6,9,,7.87,2.2215
2025,8,6,10,,8.44,1.8368
2025,8,6,11,,9.77,1.73813
2025,8,6,12,,11.14,1.24233
2025,8,6,13,,12.0,0.7364
2025,8,6,14,,12.12,0.24097
2025,8,6,15,,11.22,0.2171
2025,8,6,16,,10.12,0.2131
2025,8,6,17,,9.77,0.21977
2025,8,6,18,,9.78,0.21523
2025,8,6,19,,9.42,0.23043
2025,8,6,20,,8.8,0.19917
2025,8,6,21,,8.32,0.219
2025,8,6,22,,8.14,0.1959
2025,8,6,23,,8.42,1.60493
2025,8,7,0,,8.37,2.13697
2025,8,7,1,,9.44,0.74897
2025,8,7,2,,9.56,0.21957
2025,8,7,3,,8.48,0.22703
2025,8,7,4,,7.75,0.24217
2025,8,7,5,,7.53,0.15477
2025,8,7,6,,7.31,0.17417
2025,8,7,7,,7.27,0.16703
2025,8,7,8,,7.18,1.3373
2025,8,7,9,,7.35,1.4842
2025,8,7,10,,7.91,1.857
2025,8,7,11,,8.57,1.4727
2025,8,7,12,,9.12,1.30677
2025,8,7,13,,9.5,1.17133
2025,8,7,14,,9.58,1.478
2025,8,7,15,,9.4,1.40013
2025,8,7,16,,8.94,1.76407
2025,8,7,17,,8.39,1.98757
2025,8,7,18,,8.2,1.3085
2025,8,7,19,,8.13,0.7839
2025,8,7,20,,8.08,0.7899
2025,8,7,21,,8.07,0.78837
2025,8,7,22,,7.88,0.80293
2025,8,7,23,,7.79,0.923
2025,8,8,0,,7.78,1.9969
2025,8,8,1,,7.76,1.19657
2025,8,8,2,,7.77,1.16937
2025,8,8,3,,8.15,0.52503
2025,8,8,4,,8.98,0.17457
2025,8,8,5,,9.96,0.16667
2025,8,8,6,,10.67,0.1741
2025,8,8,7,,11.28,0.167
2025,8,8,8,,11.64,0.58957
2025,8,8,9,,11.64,2.10777
2025,8,8,10,,11.48,2.66113
2025,8,8,11,,11.37,1.739
2025,8,8,12,,11.32,1.27207
2025,8,8,13,,11.2,1.24733
2025,8,8,14,,10.98,1.24617
2025,8,8,15,,10.7,0.4185
2025,8,8,16,,10.15,0.21317
2025,8,8,17,,9.29,0.23987
2025,8,8,18,,8.64,0.21087
2025,8,8,19,,8.03,0.2036
2025,8,8,20,,7.53,0.22433
2025,8,8,21,,6.94,0.19883
2025,8,8,22,,6.42,0.21807
2025,8,8,23,,5.79,0.39757
2025,8,9,0,,5.33,2.6874
2025,8,9,1,,5.15,1.02553
2025,8,9,2,,5.2,0.17783
2025,8,9,3,,5.88,0.19593
2025,8,9,4,,7.42,0.19517
2025,8,9,5,,7.94,0.1764
2025,8,9,6,,7.91,0.1642
2025,8,9,7,,7.9,0.59453
2025,8,9,8,,8.03,1.523
2025,8,9,9,,8.21,1.15253
2025,8,9,10,,8.43,2.32347
2025,8,9,11,,8.72,2.7738
2025,8,9,12,,9.02,1.8688
2025,8,9,13,,9.28,1.1723
2025,8,9,14,,9.48,0.3711
2025,8,9,15,,9.44,0.15217
2025,8,9,16,,9.04,0.1732
2025,8,9,17,,8.28,0.16617
2025,8,9,18,,7.55,0.14903
2025,8,9,19,,6.83,0.1665
2025,8,9,20,,6.39,0.17817
2025,8,9,21,,5.96,0.14697
2025,8,9,22,,5.44,0.1622
2025,8,9,23,,5.33,0.16493
2025,8,10,0,,5.47,1.0812
2025,8,10,1,,5.73,0.52343
2025,8,10,2,,5.97,0.1634
2025,8,10,3,,6.68,0.1461
2025,8,10,4,,8.12,0.17817
2025,8,10,5,,9.32,0.1625
2025,8,10,6,,9.6,0.15147
2025,8,10,7,,9.46,0.1626
2025,8,10,8,,9.33,1.63863
2025,8,10,9,,9.51,2.0162
2025,8,10,10,,9.94,2.31953
2025,8,10,11,,10.48,1.72983
2025,8,10,12,,10.97,1.1718
2025,8,10,13,,11.27,1.20633
2025,8,10,14,,11.24,1.18907
2025,8,10,15,,10.81,0.73703
2025,8,10,16,,9.9,0.20553
2025,8,10,17,,8.85,0.19003
2025,8,10,18,,7.99,0.17467
2025,8,10,19,,7.31,0.20667
2025,8,10,20,,6.73,0.18627
2025,8,10,21,,6.21,0.17383
2025,8,10,22,,5.91,0.20373
2025,8,10,23,,5.62,1.21547
2025,8,11,0,,5.35,1.3562
2025,8,11,1,,5.23,0.19703
2025,8,11,2,,5.19,0.1912
2025,8,11,3,,5.34,0.17697
2025,8,11,4,,6.31,0.19197
2025,8,11,5,,6.69,0.1992
2025,8,11,6,,6.7,0.17717
2025,8,11,7,,6.72,0.18997
2025,8,11,8,,7.01,0.95567
2025,8,11,9,,7.46,1.7487
2025,8,11,10,,7.96,1.72313
2025,8,11,11,,8.45,2.6036
2025,8,11,12,,8.88,1.21353
2025,8,11,13,,9.15,1.2071
2025,8,11,14,,9.21,1.17547
2025,8,11,15,,9.11,1.18133
2025,8,11,16,,8.73,1.19963
2025,8,11,17,,8.02,0.75693
2025,8,11,18,,7.53,0.16597
2025,8,11,19,,7.18,0.17547
2025,8,11,20,,6.93,0.15383
2025,8,11,21,,6.65,0.16937
2025,8,11,22,,6.59,0.16407
2025,8,11,23,,6.6,0.92067
2025,8,12,0,,6.64,0.79257
2025,8,12,1,,6.65,0.26983
2025,8,12,2,,6.57,0.8995
2025,8,12,3,,6.75,0.3001
2025,8,12,4,,7.82,0.15563
2025,8,12,5,,8.6,0.15717
2025,8,12,6,,8.62,0.17607
2025,8,12,7,,8.67,0.16173
2025,8,12,8,,8.92,1.04743
2025,8,12,9,,9.42,2.09933
2025,8,12,10,,10.08,1.79337
2025,8,12,11,,10.71,1.21337
2025,8,12,12,,11.11,1.18543
2025,8,12,13,,11.19,0.83783
2025,8,12,14,,10.99,0.1726
2025,8,12,15,,10.61,0.16863
2025,8,12,16,,10.07,0.1676
2025,8,12,17,,9.38,0.17397
2025,8,12,18,,8.91,0.169
2025,8,12,19,,8.61,0.17187
2025,8,12,20,,8.43,0.1659
2025,8,12,21,,8.44,1.01923
2025,8,12,22,,8.12,2.76583
2025,8,12,23,,7.81,4.6344
2025,8,13,0,,7.61,1.98243
2025,8,13,1,,7.33,1.2445
2025,8,13,2,,7.12,0.62447
2025,8,13,3,,7.39,0.2009
2025,8,13,4,,8.34,0.18797
2025,8,13,5,,8.85,0.2007
2025,8,13,6,,8.95,0.19757
2025,8,13,7,,9.08,0.33407
2025,8,13,8,,9.19,1.45653
2025,8,13,9,,9.42,1.43227
2025,8,13,10,,9.77,1.5104
2025,8,13,11,,10.17,1.1943
2025,8,13,12,,10.57,1.15827
2025,8,13,13,,10.94,1.16287
2025,8,13,14,,11.14,1.18647
2025,8,13,15,,11.12,1.18073
2025,8,13,16,,10.83,0.39383
2025,8,13,17,,10.16,0.1701
2025,8,13,18,,9.58,0.1684
2025,8,13,19,,9.0,0.17153
2025,8,13,20,,8.65,0.1604
2025,8,13,21,,8.36,0.1849
2025,8,13,22,,8.23,0.8161
2025,8,13,23,,8.08,1.89717
2025,8,14,0,,7.97,0.9433
2025,8,14,1,,7.95,0.16383
2025,8,14,2,,8.07,0.1744
2025,8,14,3,,8.34,0.16673
2025,8,14,4,,9.83,0.1752
2025,8,14,5,,11.11,0.17003
2025,8,14,6,,11.47,0.15107
2025,8,14,7,,11.61,0.21617
2025,8,14,8,,11.63,1.55277
2025,8,14,9,,11.67,1.45407
2025,8,14,10,,11.75,2.3496
2025,8,14,11,,11.99,1.20277
2025,8,14,12,,12.42,1.21823
2025,8,14,13,,12.85,1.01163
2025,8,14,14,,13.16,0.19313
2025,8,14,15,,12.91,0.21913
2025,8,14,16,,12.01,0.20877
2025,8,14,17,,10.66,0.20957
2025,8,14,18,,9.71,0.21233
2025,8,14,19,,9.16,0.21443
2025,8,14,20,,8.79,0.21813
2025,8,14,21,,8.68,0.1969
2025,8,14,22,,8.75,1.18787
2025,8,14,23,,8.88,1.87643
2025,8,15,0,,9.15,2.05853
2025,8,15,1,,9.27,1.4714
2025,8,15,2,,9.34,0.7849
2025,8,15,3,,9.59,0.2049
2025,8,15,4,,10.59,0.19387
2025,8,15,5,,11.58,0.20547
2025,8,15,6,,12.16,0.2071
2025,8,15,7,,12.56,0.15867
2025,8,15,8,,12.87,0.40113
2025,8,15,9,,13.06,1.37013
2025,8,15,10,,13.24,2.82707
2025,8,15,11,,13.51,2.41977
2025,8,15,12,,13.73,1.41843
2025,8,15,13,,13.9,1.23117
2025,8,15,14,,13.99,1.23197
2025,8,15,15,,13.67,1.17357
2025,8,15,16,,12.78,0.16443
2025,8,15,17,,11.58,0.18657
2025,8,15,18,,10.81,0.17773
2025,8,15,19,,10.1,0.16567
2025,8,15,20,,9.53,0.18297
2025,8,15,21,,9.23,0.16793
2025,8,15,22,,8.99,0.18243
2025,8,15,23,,8.89,1.27853
2025,8,16,0,,8.93,1.6635
2025,8,16,1,,8.97,0.5608
2025,8,16,2,,8.94,0.28307
2025,8,16,3,,9.16,0.17563
2025,8,16,4,,10.31,0.15147
2025,8,16,5,,11.68,0.18983
2025,8,16,6,,12.17,0.16103
2025,8,16,7,,12.13,0.66033
2025,8,16,8,,12.0,1.98253
2025,8,16,9,,11.99,1.67877
2025,8,16,10,,12.04,1.59793
2025,8,16,11,,12.11,1.7586
2025,8,16,12,,12.14,1.25527
2025,8,16,13,,12.06,0.6347
2025,8,16,14,,11.9,0.18527
2025,8,16,15,,11.5,0.1881
2025,8,16,16,,10.7,0.1583
2025,8,16,17,,9.56,0.18817
2025,8,16,18,,8.69,0.17393
2025,8,16,19,,7.97,0.16783
2025,8,16,20,,7.25,0.17713
2025,8,16,21,,6.72,0.17267
2025,8,16,22,,6.4,0.18247
2025,8,16,23,,6.05,1.6276
2025,8,17,0,,5.61,2.735
2025,8,17,1,,5.26,1.23653
2025,8,17,2,,5.08,0.72597
2025,8,17,3,,5.23,0.17673
2025,8,17,4,,6.88,0.16973
2025,8,17,5,,7.6,0.1723
2025,8,17,6,,7.48,1.34243
2025,8,17,7,,7.26,3.14447
2025,8,17,8,,6.94,2.00243
2025,8,17,9,,6.73,1.2141
2025,8,17,10,,6.78,0.90593
2025,8,17,11,,7.05,0.17977
2025,8,17,12,,7.38,0.15367
2025,8,17,13,,7.63,0.17383
2025,8,17,14,,7.57,0.16973
2025,8,17,15,,7.07,0.16697
2025,8,17,16,,6.43,0.1664
2025,8,17,17,,5.67,0.17103
2025,8,17,18,,4.97,0.17487
2025,8,17,19,,4.26,0.15463
2025,8,17,20,,3.79,0.99213
2025,8,17,21,,3.23,0.16903
2025,8,17,22,,2.97,0.15647
2025,8,17,23,,2.85,0.17737
2025,8,18,0,,2.49,0.16603
2025,8,18,1,,2.11,0.16503
2025,8,18,2,,1.82,0.16667
2025,8,18,3,,1.84,0.16287
2025,8,18,4,,2.34,0.17727
2025,8,18,5,,2.37,0.15413
2025,8,18,6,,2.36,0.16147
2025,8,18,7,,2.22,0.28993
2025,8,18,8,,2.04,0.93353
2025,8,18,9,,1.92,0.16913
2025,8,18,10,,2.0,0.1561
2025,8,18,11,,2.27,0.16777
2025,8,18,12,,2.74,0.17357
2025,8,18,13,,3.35,0.14893
2025,8,18,14,,4.04,0.17263
2025,8,18,15,,4.56,0.16903
2025,8,18,16,,4.73,0.16577
2025,8,18,17,,4.96,0.17263
2025,8,18,18,,5.03,0.14897
2025,8,18,19,,4.69,0.68833
2025,8,18,20,,4.16,0.59977
2025,8,18,21,,3.77,0.1607
2025,8,18,22,,3.82,0.1689
2025,8,18,23,,4.15,0.16017
2025,8,19,0,,4.28,0.1766
2025,8,19,1,,4.3,0.15657
2025,8,19,2,,4.26,0.1617
2025,8,19,3,,4.22,0.18243
2025,8,19,4,,5.13,0.15367
2025,8,19,5,,5.25,0.17237
2025,8,19,6,,4.87,0.15813
2025,8,19,7,,4.89,0.92447
2025,8,19,8,,5.23,0.40397
2025,8,19,9,,5.78,0.14797
2025,8,19,10,,6.52,0.1782
2025,8,19,11,,7.37,0.1624
2025,8,19,12,,8.15,0.16153
2025,8,19,13,,8.82,0.314
2025,8,19,14,,9.15,0.43423
2025,8,19,15,,9.03,2.3622
2025,8,19,16,,8.49,3.69613
2025,8,19,17,,7.75,2.25273
2025,8,19,18,,6.98,2.68607
2025,8,19,19,,6.2,2.79637
2025,8,19,20,,5.45,2.76153
2025,8,19,21,,4.97,2.38587
2025,8,19,22,,4.56,0.66737
2025,8,19,23,,4.42,0.2084
2025,8,20,0,,4.42,0.1798
2025,8,20,1,,4.42,0.1762
2025,8,20,2,,4.41,0.20247
2025,8,20,3,,4.55,0.189
2025,8,20,4,,5.75,0.1744
2025,8,20,5,,6.04,0.1659
2025,8,20,6,,5.76,0.1716
2025,8,20,7,,5.41,1.40047
2025,8,20,8,,5.2,0.90977
2025,8,20,9,,5.13,1.2909
2025,8,20,10,,5.16,1.52627
2025,8,20,11,,5.26,0.43997
2025,8,20,12,,5.43,2.18877
2025,8,20,13,,5.58,1.44443
2025,8,20,14,,5.65,0.76473
2025,8,20,15,,5.54,1.84367
2025,8,20,16,,5.23,2.05707
2025,8,20,17,,4.96,0.9635
2025,8,20,18,,4.68,0.89693
2025,8,20,19,,4.1,2.13053
2025,8,20,20,,3.4,1.1969
2025,8,20,21,,3.0,0.34337
2025,8,20,22,,2.72,0.58723
2025,8,20,23,,2.44,1.07017
2025,8,21,0,,2.21,0.21223
2025,8,21,1,,2.14,0.20143
2025,8,21,2,,2.21,0.21703
2025,8,21,3,,2.28,0.1933
2025,8,21,4,,2.66,0.1833
2025,8,21,5,,2.73,0.19063
2025,8,21,6,,2.69,0.1782
2025,8,21,7,,2.38,1.02157
2025,8,21,8,,2.16,1.43777
2025,8,21,9,,2.01,0.45237
2025,8,21,10,,2.14,0.17857
2025,8,21,11,,2.48,0.18257
2025,8,21,12,,2.84,0.1736
2025,8,21,13,,3.14,0.17287
2025,8,21,14,,3.45,0.18327
2025,8,21,15,,3.88,0.17937
2025,8,21,16,,4.24,0.16917
2025,8,21,17,,4.87,0.34593
2025,8,21,18,,5.54,0.6432
2025,8,21,19,,5.75,0.35417
2025,8,21,20,,5.34,1.09783
2025,8,21,21,,4.39,1.7089
2025,8,21,22,,3.52,0.83167
2025,8,21,23,,3.02,0.20033
2025,8,22,0,,2.59,0.2001
2025,8,22,1,,2.16,0.81607
2025,8,22,2,,1.8,0.18853
2025,8,22,3,,1.68,0.16577
2025,8,22,4,,1.9,0.1801
2025,8,22,5,,1.99,0.1658
2025,8,22,6,,2.14,0.16907
2025,8,22,7,,2.66,0.61197
2025,8,22,8,,3.27,1.6683
2025,8,22,9,,3.6,1.3052
2025,8,22,10,,3.75,1.17367
2025,8,22,11,,3.84,0.17953
2025,8,22,12,,3.9,0.16553
2025,8,22,13,,3.83,0.1765
2025,8,22,14,,3.71,0.16853
2025,8,22,15,,3.89,0.16613
2025,8,22,16,,4.11,0.1846
2025,8,22,17,,4.46,0.17213
2025,8,22,18,,4.78,2.36773
2025,8,22,19,,4.87,3.23913
2025,8,22,20,,5.12,2.15297
2025,8,22,21,,5.14,1.42837
2025,8,22,22,,5.07,2.0455
2025,8,22,23,,4.68,1.07223
2025,8,23,0,,4.14,0.20947
2025,8,23,1,,3.89,0.18117
2025,8,23,2,,3.73,0.6008
2025,8,23,3,,3.57,0.45783
2025,8,23,4,,4.27,0.18833
2025,8,23,5,,4.32,0.17543
2025,8,23,6,,3.74,0.63767
2025,8,23,7,,3.07,1.99217
2025,8,23,8,,2.7,1.99097
2025,8,23,9,,2.71,0.88873
2025,8,23,10,,2.96,0.233
2025,8,23,11,,3.25,0.2269
2025,8,23,12,,3.48,0.27707
2025,8,23,13,,3.76,2.4528
2025,8,23,14,,4.2,1.3168
2025,8,23,15,,4.89,0.2852
2025,8,23,16,,5.81,0.261
2025,8,23,17,,6.48,0.39267
2025,8,23,18,,6.5,0.82547
2025,8,23,19,,6.18,1.71717
2025,8,23,20,,5.82,0.67823
2025,8,23,21,,5.41,0.83217
2025,8,23,22,,4.97,0.56173
2025,8,23,23,,4.47,1.15577
2025,8,24,0,,4.1,0.86343
2025,8,24,1,,3.85,0.34993
2025,8,24,2,,3.66,0.73837
2025,8,24,3,,3.67,0.2563
2025,8,24,4,,4.41,0.19783
2025,8,24,5,,4.35,0.1659
2025,8,24,6,,4.17,0.24863
2025,8,24,7,,4.0,0.61973
2025,8,24,8,,3.82,1.6047
2025,8,24,9,,3.67,1.4147
2025,8,24,10,,3.56,1.15603
2025,8,24,11,,3.72,0.29737
2025,8,24,12,,4.06,1.10723
2025,8,24,13,,4.55,1.44233
2025,8,24,14,,5.25,2.5673
2025,8,24,15,,5.98,1.30977
2025,8,24,16,,6.22,0.32503
2025,8,24,17,,5.91,0.2713
2025,8,24,18,,5.37,1.10868
2025,8,24,19,,4.8,2.8103
2025,8,24,20,,4.43,2.7214
2025,8,24,21,,4.38,1.75267
2025,8,24,22,,4.53,1.49853
2025,8,24,23,,4.73,2.79457
2025,8,25,0,,4.74,3.5055
2025,8,25,1,,4.77,0.7538
2025,8,25,2,,4.97,0.19893
2025,8,25,3,,5.35,0.23393
2025,8,25,4,,7.01,0.23553
2025,8,25,5,,8.44,0.19227
2025,8,25,6,,8.58,0.22293
2025,8,25,7,,8.48,0.22093
2025,8,25,8,,8.48,0.17187
2025,8,25,9,,8.59,1.0415
2025,8,25,10,,8.89,0.32443
2025,8,25,11,,9.38,0.34717
2025,8,25,12,,9.86,0.33487
2025,8,25,13,,10.17,0.76437
2025,8,25,14,,10.18,1.81347
2025,8,25,15,,9.89,1.99463
2025,8,25,16,,9.21,2.02407
2025,8,25,17,,8.46,0.90527
2025,8,25,18,,7.85,1.6269
2025,8,25,19,,7.11,0.91857
2025,8,25,20,,6.59,0.3285
2025,8,25,21,,6.06,0.35357
2025,8,25,22,,5.88,0.32653
2025,8,25,23,,5.73,0.3418
2025,8,26,0,,5.53,0.46557
2025,8,26,1,,5.32,0.67233
2025,8,26,2,,5.09,0.34497
2025,8,26,3,,4.87,0.2489
2025,8,26,4,,5.9,0.21247
2025,8,26,5,,6.29,0.18187
2025,8,26,6,,6.13,0.20703
2025,8,26,7,,6.16,0.24107
2025,8,26,8,,6.42,0.19323
2025,8,26,9,,6.79,1.18203
2025,8,26,10,,7.13,0.56553
2025,8,26,11,,7.52,2.2077
2025,8,26,12,,7.93,2.4344
2025,8,26,13,,8.29,1.42103
2025,8,26,14,,8.56,3.7632
2025,8,26,15,,8.72,1.02237
2025,8,26,16,,8.49,0.36023
2025,8,26,17,,8.09,0.37877
2025,8,26,18,,7.84,0.45907
2025,8,26,19,,7.76,0.81177
2025,8,26,20,,7.56,1.50463
2025,8,26,21,,6.91,2.21077
2025,8,26,22,,6.04,0.57343
2025,8,26,23,,5.59,0.25273
2025,8,27,0,,5.44,0.2717
2025,8,27,1,,5.59,0.25487
2025,8,27,2,,5.95,0.26573
2025,8,27,3,,6.34,0.23817
2025,8,27,4,,7.35,0.24957
2025,8,27,5,,8.88,0.26183
2025,8,27,6,,8.87,0.79863
2025,8,27,7,,8.74,1.06827
2025,8,27,8,,8.7,1.77097
2025,8,27,9,,8.74,1.8057
2025,8,27,10,,8.98,1.3028
2025,8,27,11,,9.38,1.28037
2025,8,27,12,,9.78,0.35907
2025,8,27,13,,10.11,0.2494
2025,8,27,14,,10.2,0.26483
2025,8,27,15,,10.11,0.23623
2025,8,27,16,,9.68,0.2435
2025,8,27,17,,9.09,0.2611
2025,8,27,18,,8.39,0.27037
2025,8,27,19,,7.81,0.231
2025,8,27,20,,7.12,1.075
2025,8,27,21,,6.37,2.79333
2025,8,27,22,,5.89,1.64863
2025,8,27,23,,5.53,2.99443
2025,8,28,0,,5.54,2.2551
2025,8,28,1,,5.65,0.28403
2025,8,28,2,,5.78,0.40063
2025,8,28,3,,5.92,0.26463
2025,8,28,4,,7.52,0.19047
2025,8,28,5,,9.39,0.2196
2025,8,28,6,,9.54,0.1738
2025,8,28,7,,9.39,1.30563
2025,8,28,8,,9.18,1.17337
2025,8,28,9,,9.05,0.82113
2025,8,28,10,,9.18,0.99153
2025,8,28,11,,9.5,1.21643
2025,8,28,12,,9.92,0.81023
2025,8,28,13,,10.26,0.3628
2025,8,28,14,,10.38,0.2031
2025,8,28,15,,10.21,0.73243
2025,8,28,16,,9.46,0.2424
2025,8,28,17,,8.45,0.20237
2025,8,28,18,,7.67,0.29047
2025,8,28,19,,6.85,1.1943
2025,8,28,20,,6.18,0.28573
2025,8,28,21,,5.7,0.3978
2025,8,28,22,,5.44,1.96887
2025,8,28,23,,5.28,0.62987
2025,8,29,0,,5.2,0.2349
2025,8,29,1,,5.17,0.23827
2025,8,29,2,,5.15,0.21613
2025,8,29,3,,5.15,0.1979
2025,8,29,4,,6.27,0.54263
2025,8,29,5,,7.38,0.4287
2025,8,29,6,,7.26,0.21533
2025,8,29,7,,6.69,1.38717
2025,8,29,8,,6.09,1.8076
2025,8,29,9,,5.71,1.72677
2025,8,29,10,,5.73,0.374
2025,8,29,11,,6.07,0.1762
2025,8,29,12,,6.49,0.21817
2025,8,29,13,,6.88,0.18617
2025,8,29,14,,7.17,0.1986
2025,8,29,15,,7.16,0.26253
2025,8,29,16,,6.7,0.17727
2025,8,29,17,,6.04,0.23517
2025,8,29,18,,5.27,0.33807
2025,8,29,19,,4.37,1.5772
2025,8,29,20,,3.4,0.95667
2025,8,29,21,,2.7,0.36377
2025,8,29,22,,2.24,0.20783
2025,8,29,23,,1.9,0.1995
2025,8,30,0,,1.64,0.21047
2025,8,30,1,,1.55,0.53167
2025,8,30,2,,1.62,0.44413
2025,8,30,3,,1.61,0.1878
2025,8,30,4,,1.58,0.19063
2025,8,30,5,,1.06,0.18157
2025,8,30,6,,0.66,0.3673
2025,8,30,7,,0.9,0.5831
2025,8,30,8,,1.58,1.7162
2025,8,30,9,,2.21,0.7404
2025,8,30,10,,2.59,0.1828
2025,8,30,11,,2.79,0.50977
2025,8,30,12,,2.8,0.88897
2025,8,30,13,,2.66,0.81213
2025,8,30,14,,2.41,0.1605
2025,8,30,15,,2.09,0.20607
2025,8,30,16,,1.7,0.19227
2025,8,30,17,,1.64,0.19953
2025,8,30,18,,1.88,1.74807
2025,8,30,19,,2.2,2.8546
2025,8,30,20,,2.47,1.4065
2025,8,30,21,,2.62,1.91
2025,8,30,22,,2.91,3.06203
2025,8,30,23,,3.17,0.75447
2025,8,31,0,,3.44,0.43073
2025,8,31,1,,3.59,0.37393
2025,8,31,2,,3.67,0.38873
2025,8,31,3,,3.77,0.3777
2025,8,31,4,,4.83,0.37453
2025,8,31,5,,5.6,0.39677
2025,8,31,6,,6.02,0.87077
2025,8,31,7,,6.14,1.6161
2025,8,31,8,,6.05,1.45467
2025,8,31,9,,5.64,1.5753
2025,8,31,10,,4.99,1.22827
2025,8,31,11,,4.5,1.23843
2025,8,31,12,,4.07,0.51227
2025,8,31,13,,3.84,0.16667
2025,8,31,14,,3.87,0.20323
2025,8,31,15,,4.16,0.17703
2025,8,31,16,,4.33,0.34013
2025,8,31,17,,4.55,0.26323
2025,8,31,18,,4.9,0.40257
2025,8,31,19,,5.13,1.97783
2025,8,31,20,,5.36,2.72733
2025,8,31,21,,5.42,2.01753
2025,8,31,22,,5.15,1.14413
2025,8,31,23,,4.79,1.07247
2025,9,1,0,,4.46,0.2733
2025,9,1,1,,4.07,0.22653
2025,9,1,2,,3.67,0.2033
2025,9,1,3,,3.39,0.2269
2025,9,1,4,,4.33,0.1958
2025,9,1,5,,4.7,0.21853
2025,9,1,6,,3.77,0.44203
2025,9,1,7,,2.62,0.74447
2025,9,1,8,,1.63,0.4581
2025,9,1,9,,1.18,1.63047
2025,9,1,10,,1.45,1.3176
2025,9,1,11,,1.94,0.54537
2025,9,1,12,,2.21,0.42033
2025,9,1,13,,2.18,1.26917
2025,9,1,14,,1.9,1.85853
2025,9,1,15,,1.47,2.2353
2025,9,1,16,,0.73,1.97743
2025,9,1,17,,0.96,1.51997
2025,9,1,18,,1.71,1.81473
2025,9,1,19,,2.19,1.773
2025,9,1,20,,2.43,1.51793
2025,9,1,21,,2.39,2.47327
2025,9,1,22,,2.22,1.85757
2025,9,1,23,,1.92,3.15847
2025,9,2,0,,1.52,1.68637
2025,9,2,1,,1.14,0.49593
2025,9,2,2,,1.39,0.2351
2025,9,2,3,,2.0,0.20653
2025,9,2,4,,2.91,0.1782
2025,9,2,5,,3.18,0.2296
2025,9,2,6,,2.98,0.15733
2025,9,2,7,,2.94,0.23467
2025,9,2,8,,3.15,0.6741
2025,9,2,9,,3.56,1.07507
2025,9,2,10,,4.24,0.46787
2025,9,2,11,,5.02,0.50517
2025,9,2,12,,5.71,1.14357
2025,9,2,13,,6.21,1.90337
2025,9,2,14,,6.35,1.9665
2025,9,2,15,,6.05,2.52113
2025,9,2,16,,5.28,1.9808
2025,9,2,17,,4.93,1.96103
2025,9,2,18,,4.54,2.9593
2025,9,2,19,,4.11,0.964
2025,9,2,20,,3.61,1.14727
2025,9,2,21,,3.21,2.18767
2025,9,2,22,,3.19,1.12593
2025,9,2,23,,3.4,1.7013
2025,9,3,0,,3.72,0.55793
2025,9,3,1,,4.04,0.226
2025,9,3,2,,4.29,0.25103
2025,9,3,3,,4.38,0.23537
2025,9,3,4,,5.25,0.23287
2025,9,3,5,,5.41,0.2524
2025,9,3,6,,5.67,0.4556
2025,9,3,7,,5.85,1.19137
2025,9,3,8,,5.94,1.91673
2025,9,3,9,,6.22,2.61537
2025,9,3,10,,6.87,2.01107
2025,9,3,11,,7.66,0.65853
2025,9,3,12,,8.37,0.2654
2025,9,3,13,,8.88,0.18723
2025,9,3,14,,9.04,0.2363
2025,9,3,15,,8.83,0.22137
2025,9,3,16,,7.97,0.20763
2025,9,3,17,,7.1,0.2448
2025,9,3,18,,6.21,0.391
2025,9,3,19,,5.47,1.44927
2025,9,3,20,,5.16,1.23147
2025,9,3,21,,5.11,1.23363
2025,9,3,22,,5.29,0.55347
2025,9,3,23,,5.51,0.48953
2025,9,4,0,,5.81,0.5908
2025,9,4,1,,6.07,0.17373
2025,9,4,2,,6.28,0.25083
2025,9,4,3,,6.46,0.17193
2025,9,4,4,,7.61,0.23333
2025,9,4,5,,9.19,0.17943
2025,9,4,6,,9.73,0.4863
2025,9,4,7,,9.51,0.82043
2025,9,4,8,,9.23,1.3849
2025,9,4,9,,9.36,1.11907
2025,9,4,10,,9.82,1.30607
2025,9,4,11,,10.33,1.57483
2025,9,4,12,,10.86,2.51927
2025,9,4,13,,11.28,1.38847
2025,9,4,14,,11.41,0.72
2025,9,4,15,,11.14,0.43313
2025,9,4,16,,10.54,1.65487
2025,9,4,17,,10.04,1.24733
2025,9,4,18,,9.71,1.50227
2025,9,4,19,,9.34,1.6972
2025,9,4,20,,9.04,2.69527
2025,9,4,21,,8.77,3.2361
2025,9,4,22,,8.59,0.68327
2025,9,4,23,,8.37,0.3469
2025,9,5,0,,8.01,0.27493
2025,9,5,1,,7.69,0.19393
2025,9,5,2,,7.51,0.84043
2025,9,5,3,,7.43,0.2149
2025,9,5,4,,8.36,0.21673
2025,9,5,5,,9.38,0.23413
2025,9,5,6,,9.58,1.76563
2025,9,5,7,,9.54,2.19403
2025,9,5,8,,9.52,2.87447
2025,9,5,9,,9.65,0.6952
2025,9,5,10,,9.94,0.19843
2025,9,5,11,,10.24,0.26557
2025,9,5,12,,10.44,0.17397
2025,9,5,13,,10.56,0.26463
2025,9,5,14,,10.4,0.17817
2025,9,5,15,,9.85,0.24107
2025,9,5,16,,9.01,0.19607
2025,9,5,17,,8.38,0.35197
2025,9,5,18,,7.7,0.713
2025,9,5,19,,6.99,0.80133
2025,9,5,20,,6.32,1.7856
2025,9,5,21,,5.79,3.1208
2025,9,5,22,,5.38,1.6311
2025,9,5,23,,5.51,1.18343
2025,9,6,0,,5.77,1.16883
2025,9,6,1,,5.63,0.28737
2025,9,6,2,,5.63,0.20127
2025,9,6,3,,5.7,0.1875
2025,9,6,4,,5.99,0.24757
2025,9,6,5,,6.36,0.18883
2025,9,6,6,,6.74,1.13873
2025,9,6,7,,6.96,1.91087
2025,9,6,8,,7.24,1.25253
2025,9,6,9,,7.53,0.39977
2025,9,6,10,,7.49,0.18357
2025,9,6,11,,7.18,0.2006
2025,9,6,12,,6.79,0.2282
2025,9,6,13,,6.44,0.18573
2025,9,6,14,,6.05,0.22553
2025,9,6,15,,5.84,0.20663
2025,9,6,16,,5.59,0.18187
2025,9,6,17,,5.26,0.42613
2025,9,6,18,,4.96,0.58693
2025,9,6,19,,4.88,0.40103
2025,9,6,20,,4.98,0.27433
2025,9,6,21,,5.1,2.64613
2025,9,6,22,,5.04,1.94597
2025,9,6,23,,5.15,0.34863
2025,9,7,0,,5.11,0.17337
2025,9,7,1,,4.97,0.79183
2025,9,7,2,,4.84,0.30413
2025,9,7,3,,4.79,0.18753
2025,9,7,4,,5.32,0.22053
2025,9,7,5,,5.83,0.15167
2025,9,7,6,,6.03,1.47847
2025,9,7,7,,6.23,1.84747
2025,9,7,8,,6.71,1.86883
2025,9,7,9,,7.32,1.77163
2025,9,7,10,,7.97,1.21127
2025,9,7,11,,8.49,1.24713
2025,9,7,12,,8.76,1.0327
2025,9,7,13,,8.73,0.19643
2025,9,7,14,,8.4,0.23157
2025,9,7,15,,7.65,0.1783
2025,9,7,16,,6.46,0.25057
2025,9,7,17,,5.62,0.20387
2025,9,7,18,,5.13,0.27207
2025,9,7,19,,4.83,2.6643
2025,9,7,20,,4.66,2.49887
2025,9,7,21,,4.63,2.2298
2025,9,7,22,,4.67,0.7883
2025,9,7,23,,4.77,0.4743
2025,9,8,0,,4.77,0.32237
2025,9,8,1,,4.69,0.17437
2025,9,8,2,,4.61,0.25137
2025,9,8,3,,4.55,0.16847
2025,9,8,4,,5.05,0.21367
2025,9,8,5,,6.26,0.20163
2025,9,8,6,,6.81,0.80107
2025,9,8,7,,7.1,0.35753
2025,9,8,8,,7.34,0.577
2025,9,8,9,,7.41,1.21493
2025,9,8,10,,7.33,0.9839
2025,9,8,11,,7.32,1.51293
2025,9,8,12,,7.4,0.35603
2025,9,8,13,,7.49,0.7618
2025,9,8,14,,7.46,0.33707
2025,9,8,15,,7.18,2.87113
2025,9,8,16,,6.11,2.48533
2025,9,8,17,,5.29,1.47757
2025,9,8,18,,4.56,1.46183
2025,9,8,19,,3.94,0.91167
2025,9,8,20,,3.61,2.258
2025,9,8,21,,3.44,2.6646
2025,9,8,22,,3.36,1.44913
2025,9,8,23,,3.33,0.68247
2025,9,9,0,,3.36,0.32127
2025,9,9,1,,3.42,0.19803
2025,9,9,2,,3.47,0.21357
2025,9,9,3,,3.38,0.2279
2025,9,9,4,,3.29,0.18557
2025,9,9,5,,3.53,0.26227
2025,9,9,6,,3.26,0.1654
2025,9,9,7,,3.0,0.73913
2025,9,9,8,,2.72,0.65853
2025,9,9,9,,2.7,0.4234
2025,9,9,10,,3.0,0.73697
2025,9,9,11,,3.43,1.67053
2025,9,9,12,,3.93,2.16777
2025,9,9,13,,4.43,1.4597
2025,9,9,14,,4.9,3.10953
2025,9,9,15,,5.14,1.50313
2025,9,9,16,,4.74,1.1326
2025,9,9,17,,4.69,0.62027
2025,9,9,18,,4.17,1.82473
2025,9,9,19,,3.73,2.82823
2025,9,9,20,,3.4,2.13067
2025,9,9,21,,3.12,2.56727
2025,9,9,22,,2.71,1.35917
2025,9,9,23,,2.27,1.48607
2025,9,10,0,,2.02,1.2898
2025,9,10,1,,1.88,0.5638
2025,9,10,2,,1.77,0.1719
2025,9,10,3,,1.66,0.22913
2025,9,10,4,,1.78,0.1682
2025,9,10,5,,2.0,0.22477
2025,9,10,6,,2.19,1.51177
2025,9,10,7,,2.26,1.84603
2025,9,10,8,,2.21,0.24617
2025,9,10,9,,2.31,0.16843
2025,9,10,10,,2.67,0.25393
2025,9,10,11,,3.14,0.17153
2025,9,10,12,,3.63,0.21557
2025,9,10,13,,3.97,0.2208
2025,9,10,14,,4.26,0.19243
2025,9,10,15,,4.52,0.30193
2025,9,10,16,,4.85,0.704
2025,9,10,17,,5.74,0.20893
2025,9,10,18,,5.93,0.31537
2025,9,10,19,,5.49,0.67133
2025,9,10,20,,4.97,3.32487
2025,9,10,21,,4.46,3.53953
2025,9,10,22,,4.16,1.69003
2025,9,10,23,,4.09,0.39267
2025,9,11,0,,4.1,0.2016
2025,9,11,1,,4.1,0.23427
2025,9,11,2,,4.02,0.17783
2025,9,11,3,,3.86,0.18863
2025,9,11,4,,4.23,0.22093
2025,9,11,5,,4.61,0.1571
2025,9,11,6,,4.03,1.0285
2025,9,11,7,,3.32,1.02297
2025,9,11,8,,2.63,0.21243
2025,9,11,9,,2.18,0.19117
2025,9,11,10,,2.37,0.17237
2025,9,11,11,,2.82,0.2234
2025,9,11,12,,3.42,0.16267
2025,9,11,13,,4.03,0.4623
2025,9,11,14,,4.68,0.2848
2025,9,11,15,,5.54,0.7647
2025,9,11,16,,6.32,1.2781
2025,9,11,17,,6.61,0.7109
2025,9,11,18,,6.3,0.25753
2025,9,11,19,,5.89,0.237
2025,9,11,20,,5.45,1.03197
2025,9,11,21,,4.89,2.41157
2025,9,11,22,,4.63,3.3426
2025,9,11,23,,4.5,1.41753
2025,9,12,0,,4.0,1.2854
2025,9,12,1,,3.7,1.26293
2025,9,12,2,,3.67,1.24447
2025,9,12,3,,3.65,0.1889
2025,9,12,4,,4.17,0.23027
2025,9,12,5,,4.37,0.19883
2025,9,12,6,,3.9,0.54627
2025,9,12,7,,3.3,1.48217
2025,9,12,8,,3.01,1.15153
2025,9,12,9,,3.3,0.2395
2025,9,12,10,,3.82,0.17283
2025,9,12,11,,4.53,0.70023
2025,9,12,12,,5.26,0.24833
2025,9,12,13,,5.93,0.3082
2025,9,12,14,,6.45,0.23133
2025,9,12,15,,6.8,0.19883
2025,9,12,16,,6.75,0.22477
2025,9,12,17,,6.63,1.1936
2025,9,12,18,,6.32,0.337
2025,9,12,19,,6.11,0.47587
2025,9,12,20,,5.81,1.8821
2025,9,12,21,,5.39,3.3821
2025,9,12,22,,5.09,3.31813
2025,9,12,23,,4.98,0.95913
2025,9,13,0,,4.98,0.2415
2025,9,13,1,,4.94,0.20723
2025,9,13,2,,4.97,0.179
2025,9,13,3,,5.06,0.2313
2025,9,13,4,,5.92,0.1873
2025,9,13,5,,7.04,0.21397
2025,9,13,6,,7.35,0.64417
2025,9,13,7,,7.51,1.71953
2025,9,13,8,,7.85,1.72383
2025,9,13,9,,8.3,0.2502
2025,9,13,10,,8.83,0.22553
2025,9,13,11,,9.27,0.1619
2025,9,13,12,,9.57,0.5649
2025,9,13,13,,9.7,0.94297
2025,9,13,14,,9.71,0.5823
2025,9,13,15,,9.68,0.73933
2025,9,13,16,,9.4,0.66717
2025,9,13,17,,9.27,0.69307
2025,9,13,18,,9.15,0.52663
2025,9,13,19,,9.13,0.6397
2025,9,13,20,,9.34,2.06233
2025,9,13,21,,9.1,3.60033
2025,9,13,22,,8.33,1.76173
2025,9,13,23,,7.66,0.34043
2025,9,14,0,,7.31,0.39917
2025,9,14,1,,7.32,0.33693
2025,9,14,2,,7.39,0.3598
2025,9,14,3,,7.41,0.3748
2025,9,14,4,,8.21,0.4922
2025,9,14,5,,9.56,0.8374
2025,9,14,6,,9.41,1.2214
2025,9,14,7,,9.09,2.1035
2025,9,14,8,,8.83,1.88207
2025,9,14,9,,8.68,1.18923
2025,9,14,10,,8.72,0.98483
2025,9,14,11,,9.04,0.2073
2025,9,14,12,,9.6,0.17643
2025,9,14,13,,10.11,0.24267
2025,9,14,14,,10.3,0.18757
2025,9,14,15,,10.1,0.2094
2025,9,14,16,,9.45,0.23163
2025,9,14,17,,8.68,0.20257
2025,9,14,18,,7.87,0.24043
2025,9,14,19,,7.12,0.6164
2025,9,14,20,,6.42,2.24977
2025,9,14,21,,5.72,1.95013
2025,9,14,22,,5.11,1.276
2025,9,14,23,,4.75,0.95287
2025,9,15,0,,4.53,0.47757
2025,9,15,1,,4.36,0.89403
2025,9,15,2,,4.23,0.23343
2025,9,15,3,,4.27,0.27113
2025,9,15,4,,5.11,0.28133
2025,9,15,5,,6.12,0.2492
2025,9,15,6,,6.46,1.18033
2025,9,15,7,,6.69,1.80157
2025,9,15,8,,6.94,1.7972
2025,9,15,9,,7.01,1.29543
2025,9,15,10,,7.13,0.81377
2025,9,15,11,,7.5,0.24727
2025,9,15,12,,7.86,0.37283
2025,9,15,13,,8.01,0.30673
2025,9,15,14,,7.88,1.19737
2025,9,15,15,,7.55,1.30453
2025,9,15,16,,6.89,0.23757
2025,9,15,17,,6.15,0.3035
2025,9,15,18,,5.42,0.25647
2025,9,15,19,,4.71,0.21093
2025,9,15,20,,4.44,1.82107
2025,9,15,21,,4.18,0.85713
2025,9,15,22,,3.94,1.02577
2025,9,15,23,,3.82,0.81903
2025,9,16,0,,3.77,0.3886
2025,9,16,1,,3.78,0.21733
2025,9,16,2,,3.83,0.20007
2025,9,16,3,,3.79,0.80207
2025,9,16,4,,3.79,0.23363
2025,9,16,5,,4.35,0.1669
2025,9,16,6,,4.38,0.1809
2025,9,16,7,,4.43,0.22567
2025,9,16,8,,4.61,0.25613
2025,9,16,9,,4.89,0.51543
2025,9,16,10,,5.28,0.99353
2025,9,16,11,,5.73,2.17337
2025,9,16,12,,6.11,0.7062
2025,9,16,13,,6.33,0.70817
2025,9,16,14,,6.39,1.4416
2025,9,16,15,,6.21,1.62077
2025,9,16,16,,5.57,0.74153
2025,9,16,17,,5.47,1.2663
2025,9,16,18,,5.14,2.15127
2025,9,16,19,,4.83,2.10763
2025,9,16,20,,4.52,3.81397
2025,9,16,21,,4.23,3.06237
2025,9,16,22,,4.05,2.0181
2025,9,16,23,,3.97,1.54553
2025,9,17,0,,3.92,0.45463
2025,9,17,1,,3.86,0.2382
2025,9,17,2,,3.86,0.20717
2025,9,17,3,,3.9,0.20047
2025,9,17,4,,4.01,0.24657
2025,9,17,5,,4.39,0.1735
2025,9,17,6,,3.85,0.76133
2025,9,17,7,,3.04,1.30007
2025,9,17,8,,2.55,2.07407
2025,9,17,9,,2.68,0.97653
2025,9,17,10,,2.9,0.22467
2025,9,17,11,,3.27,0.16143
2025,9,17,12,,4.14,0.2376
2025,9,17,13,,5.19,0.18537
2025,9,17,14,,6.53,0.2012
2025,9,17,15,,7.41,0.22243
2025,9,17,16,,7.61,0.20563
2025,9,17,17,,7.47,0.17673
2025,9,17,18,,7.66,1.0714
2025,9,17,19,,8.8,3.28827
2025,9,17,20,,9.59,1.9746
2025,9,17,21,,9.32,5.73577
2025,9,17,22,,8.73,2.8106
2025,9,17,23,,8.08,1.22487
2025,9,18,0,,7.8,0.21167
2025,9,18,1,,7.38,0.16877
2025,9,18,2,,6.82,0.236
2025,9,18,3,,6.36,0.1635
2025,9,18,4,,6.68,0.1862
2025,9,18,5,,7.57,0.21443
2025,9,18,6,,7.65,1.45603
2025,9,18,7,,7.67,2.25333
2025,9,18,8,,7.69,1.6571
2025,9,18,9,,7.9,0.6907
2025,9,18,10,,8.19,0.2085
2025,9,18,11,,8.37,0.18533
2025,9,18,12,,8.4,0.17583
2025,9,18,13,,8.26,0.21247
2025,9,18,14,,7.95,0.16773
2025,9,18,15,,7.39,0.211
2025,9,18,16,,6.34,0.1869
2025,9,18,17,,5.46,1.03883
2025,9,18,18,,4.98,2.28227
2025,9,18,19,,4.87,1.19183
2025,9,18,20,,5.01,1.27727
2025,9,18,21,,5.2,1.90393
2025,9,18,22,,5.41,2.29913
2025,9,18,23,,5.56,0.8799
2025,9,19,0,,5.82,0.2091
2025,9,19,1,,6.1,0.2143
2025,9,19,2,,6.23,0.17597
2025,9,19,3,,6.21,0.18433
2025,9,19,4,,6.71,0.21473
2025,9,19,5,,8.24,0.17737
2025,9,19,6,,8.75,1.429
2025,9,19,7,,8.84,1.69
2025,9,19,8,,8.97,1.2012
2025,9,19,9,,9.16,1.12577
2025,9,19,10,,9.38,0.20787
2025,9,19,11,,9.53,0.1563
2025,9,19,12,,9.53,0.23257
2025,9,19,13,,9.31,0.297
2025,9,19,14,,8.92,1.57173
2025,9,19,15,,8.25,1.37117
2025,9,19,16,,6.83,1.63197
2025,9,19,17,,5.66,2.96223
2025,9,19,18,,4.97,1.0023
2025,9,19,19,,4.67,0.86413
2025,9,19,20,,4.52,2.04397
2025,9,19,21,,4.46,1.76483
2025,9,19,22,,4.5,0.6816
2025,9,19,23,,4.53,0.2353
2025,9,20,0,,4.53,0.1947
2025,9,20,1,,4.5,0.71433
2025,9,20,2,,4.47,0.15053
2025,9,20,3,,4.32,0.23687
2025,9,20,4,,3.97,0.15543
2025,9,20,5,,4.89,0.194
2025,9,20,6,,5.48,0.90177
2025,9,20,7,,5.99,2.22203
2025,9,20,8,,6.45,1.9914
2025,9,20,9,,6.75,1.73187
2025,9,20,10,,7.0,1.20713
2025,9,20,11,,7.25,0.33367
2025,9,20,12,,7.46,0.14867
2025,9,20,13,,7.73,0.2152
2025,9,20,14,,8.04,0.20087
2025,9,20,15,,8.02,0.165
2025,9,20,16,,7.27,0.23467
2025,9,20,17,,6.46,0.17417
2025,9,20,18,,5.61,0.1602
2025,9,20,19,,5.19,0.8263
2025,9,20,20,,5.12,1.9642
2025,9,20,21,,4.96,2.68523
2025,9,20,22,,4.84,2.33813
2025,9,20,23,,4.75,1.77917
2025,9,21,0,,4.75,0.57987
2025,9,21,1,,4.8,0.1764
2025,9,21,2,,4.83,0.17947
2025,9,21,3,,4.83,0.2092
2025,9,21,4,,5.09,0.17513
2025,9,21,5,,6.84,0.1556
2025,9,21,6,,7.65,1.52627
2025,9,21,7,,7.82,1.9173
2025,9,21,8,,7.95,1.2253
2025,9,21,9,,8.17,1.231
2025,9,21,10,,8.52,0.53783
2025,9,21,11,,8.91,0.18403
2025,9,21,12,,9.29,0.20733
2025,9,21,13,,9.65,0.15093
2025,9,21,14,,9.88,0.22133
2025,9,21,15,,9.81,0.17783
2025,9,21,16,,9.24,0.1662
2025,9,21,17,,8.67,0.22473
2025,9,21,18,,8.21,0.32737
2025,9,21,19,,7.72,3.53377
2025,9,21,20,,7.29,3.24873
2025,9,21,21,,6.62,2.56973
2025,9,21,22,,5.9,1.3951
2025,9,21,23,,5.41,0.32587
2025,9,22,0,,5.21,0.17387
2025,9,22,1,,5.24,0.19877
2025,9,22,2,,5.35,0.23197
2025,9,22,3,,5.24,0.18843
2025,9,22,4,,5.5,0.18713
2025,9,22,5,,6.91,0.21753
2025,9,22,6,,7.29,0.79367
2025,9,22,7,,7.01,0.46723
2025,9,22,8,,6.52,1.82797
2025,9,22,9,,6.18,1.24537
2025,9,22,10,,6.17,1.2029
2025,9,22,11,,6.58,0.6488
2025,9,22,12,,7.2,0.5132
2025,9,22,13,,7.83,0.73087
2025,9,22,14,,8.29,2.01927
2025,9,22,15,,8.35,1.1896
2025,9,22,16,,7.74,1.33487
2025,9,22,17,,6.94,0.3303
2025,9,22,18,,5.6,0.39507
2025,9,22,19,,4.6,0.94267
2025,9,22,20,,4.06,1.34247
2025,9,22,21,,3.76,2.68773
2025,9,22,22,,3.56,0.46613
2025,9,22,23,,3.38,0.26707
2025,9,23,0,,3.26,0.23993
2025,9,23,1,,3.18,0.24157
2025,9,23,2,,3.16,0.23823
2025,9,23,3,,3.16,0.2332
2025,9,23,4,,3.07,0.50417
2025,9,23,5,,3.39,0.50463
2025,9,23,6,,2.96,0.2457
2025,9,23,7,,2.47,0.34983
2025,9,23,8,,1.89,0.84707
2025,9,23,9,,1.68,0.9893
2025,9,23,10,,1.84,1.72833
2025,9,23,11,,2.26,0.73
2025,9,23,12,,2.87,0.63887
2025,9,23,13,,3.62,0.40433
2025,9,23,14,,4.49,0.34917
2025,9,23,15,,5.34,0.9575
2025,9,23,16,,5.97,1.51347
2025,9,23,17,,6.11,1.33307
2025,9,23,18,,5.59,1.33737
2025,9,23,19,,4.5,2.58897
2025,9,23,20,,3.47,3.28527
2025,9,23,21,,2.96,2.5538
2025,9,23,22,,2.65,1.61943
2025,9,23,23,,2.46,0.19963
2025,9,24,0,,2.37,0.15987
2025,9,24,1,,2.35,0.183
2025,9,24,2,,2.36,0.1608
2025,9,24,3,,2.31,0.17807
2025,9,24,4,,2.23,0.16263
2025,9,24,5,,2.58,0.22343
2025,9,24,6,,2.6,1.37017
2025,9,24,7,,2.81,1.9995
2025,9,24,8,,2.98,1.2754
2025,9,24,9,,3.17,1.25743
2025,9,24,10,,3.44,0.23007
2025,9,24,11,,3.92,0.22573
2025,9,24,12,,4.5,0.22857
2025,9,24,13,,5.16,0.22977
2025,9,24,14,,5.88,0.23157
2025,9,24,15,,6.27,1.65887
2025,9,24,16,,6.13,1.91987
2025,9,24,17,,5.72,2.6368
2025,9,24,18,,4.76,0.60627
2025,9,24,19,,3.78,1.0125
2025,9,24,20,,3.37,3.47577
2025,9,24,21,,3.25,2.62387
2025,9,24,22,,3.23,0.3509
2025,9,24,23,,3.29,0.17467
2025,9,25,0,,3.51,0.16133
2025,9,25,1,,3.75,0.22327
2025,9,25,2,,4.06,0.50707
2025,9,25,3,,4.36,0.34313
2025,9,25,4,,5.01,0.18907
2025,9,25,5,,6.24,0.17843
2025,9,25,6,,6.67,0.65303
2025,9,25,7,,6.91,2.40863
2025,9,25,8,,7.23,3.3475
2025,9,25,9,,7.59,1.83487
2025,9,25,10,,7.91,1.80947
2025,9,25,11,,8.3,1.78373
2025,9,25,12,,8.85,1.64017
2025,9,25,13,,9.56,0.79127
2025,9,25,14,,10.26,0.7837
2025,9,25,15,,10.52,0.79713
2025,9,25,16,,10.3,0.76193
2025,9,25,17,,10.04,0.73713
2025,9,25,18,,9.67,0.7518
2025,9,25,19,,9.29,0.77687
2025,9,25,20,,8.88,2.99167
2025,9,25,21,,8.46,2.7256
2025,9,25,22,,8.32,2.4158
2025,9,25,23,,8.41,0.7931
2025,9,26,0,,8.6,0.33093
2025,9,26,1,,8.74,0.25537
2025,9,26,2,,8.83,0.28767
2025,9,26,3,,9.13,0.2729
2025,9,26,4,,9.7,0.2884
2025,9,26,5,,11.08,0.298
2025,9,26,6,,11.64,1.64023
2025,9,26,7,,11.33,2.06987
2025,9,26,8,,10.99,2.0486
2025,9,26,9,,10.96,1.517
2025,9,26,10,,11.34,0.36197
2025,9,26,11,,11.87,2.42733
2025,9,26,12,,12.27,1.67477
2025,9,26,13,,12.62,0.2702
2025,9,26,14,,12.88,0.32067
2025,9,26,15,,12.64,1.63603
2025,9,26,16,,12.07,1.8679
2025,9,26,17,,11.79,1.1673
2025,9,26,18,,11.53,1.29617
2025,9,26,19,,11.32,1.6395
2025,9,26,20,,11.05,2.34003
2025,9,26,21,,10.96,4.82187
2025,9,26,22,,10.8,0.90967
2025,9,26,23,,10.68,0.7067
2025,9,27,0,,10.61,0.6063
2025,9,27,1,,10.53,0.30937
2025,9,27,2,,10.53,0.2894
2025,9,27,3,,10.53,0.2938
2025,9,27,4,,10.73,0.32287
2025,9,27,5,,11.04,0.2594
2025,9,27,6,,11.04,0.29373
2025,9,27,7,,11.0,2.62623
2025,9,27,8,,11.03,2.96567
2025,9,27,9,,11.04,1.91007
2025,9,27,10,,10.96,1.36883
2025,9,27,11,,10.95,0.95563
2025,9,27,12,,11.04,0.2571
2025,9,27,13,,11.17,0.28363
2025,9,27,14,,11.18,0.3148
2025,9,27,15,,10.74,0.27323
2025,9,27,16,,10.03,1.03823
2025,9,27,17,,9.69,0.33217
2025,9,27,18,,9.22,0.29277
2025,9,27,19,,8.63,1.06313
2025,9,27,20,,8.15,2.293
2025,9,27,21,,8.13,3.02067
2025,9,27,22,,7.94,1.3126
2025,9,27,23,,7.68,0.52737
2025,9,28,0,,7.36,0.32553
2025,9,28,1,,7.14,0.25393
2025,9,28,2,,7.02,0.8624
2025,9,28,3,,6.74,0.3377
2025,9,28,4,,6.88,0.2679
2025,9,28,5,,7.62,0.26633
2025,9,28,6,,7.97,1.70833
2025,9,28,7,,8.01,2.1347
2025,9,28,8,,8.03,3.5643
2025,9,28,9,,8.07,2.5247
2025,9,28,10,,7.78,2.78213
2025,9,28,11,,7.59,2.51253
2025,9,28,12,,7.78,1.39147
2025,9,28,13,,7.91,1.4559
2025,9,28,14,,7.69,0.55687
2025,9,28,15,,7.28,0.31927
2025,9,28,16,,6.89,0.3919
2025,9,28,17,,6.49,0.5576
2025,9,28,18,,5.96,0.61477
2025,9,28,19,,5.78,1.1028
2025,9,28,20,,5.3,1.17203
2025,9,28,21,,4.86,1.66187
2025,9,28,22,,4.53,0.8861
2025,9,28,23,,4.51,0.35723
2025,9,29,0,,4.84,0.2969
2025,9,29,1,,5.3,0.26567
2025,9,29,2,,5.81,0.34117
2025,9,29,3,,6.07,0.3259
2025,9,29,4,,6.18,0.27503
2025,9,29,5,,6.24,0.28337
2025,9,29,6,,5.92,0.34993
2025,9,29,7,,5.28,1.14437
2025,9,29,8,,4.36,1.9708
2025,9,29,9,,3.48,1.53303
2025,9,29,10,,2.85,1.391
2025,9,29,11,,2.55,2.18503
2025,9,29,12,,2.44,3.00173
2025,9,29,13,,2.54,2.77497
2025,9,29,14,,2.81,0.92327
2025,9,29,15,,3.11,1.51207
2025,9,29,16,,3.07,3.19527
2025,9,29,17,,3.04,2.06257
2025,9,29,18,,3.03,1.53073
2025,9,29,19,,2.95,2.22573
2025,9,29,20,,2.8,3.28557
2025,9,29,21,,2.77,2.4087
2025,9,29,22,,2.89,3.49077
2025,9,29,23,,3.13,1.5018
2025,9,30,0,,3.41,0.33197
2025,9,30,1,,3.63,0.31223
2025,9,30,2,,3.71,0.26033
2025,9,30,3,,3.61,0.3445
2025,9,30,4,,3.4,0.2909
2025,9,30,5,,3.97,0.28167
2025,9,30,6,,3.97,0.30293
2025,9,30,7,,3.79,1.32827
2025,9,30,8,,3.65,0.36903
2025,9,30,9,,3.39,1.84717
2025,9,30,10,,3.09,1.67827
2025,9,30,11,,2.78,2.8233
2025,9,30,12,,2.65,0.9623
2025,9,30,13,,2.71,0.5211
2025,9,30,14,,3.02,1.2933
2025,9,30,15,,3.3,0.6153
2025,9,30,16,,3.27,0.33523
2025,9,30,17,,3.5,0.98487
2025,9,30,18,,3.49,0.68713
2025,9,30,19,,3.41,2.12213
2025,9,30,20,,3.29,2.80347
2025,9,30,21,,3.19,1.988
2025,9,30,22,,3.11,1.42347
2025,9,30,23,,3.02,1.36463
2025,10,1,0,,2.94,0.456
2025,10,1,1,,2.91,0.2863
2025,10,1,2,,2.92,0.31083
2025,10,1,3,,2.86,0.25093
2025,10,1,4,,2.75,0.27767
2025,10,1,5,,2.83,0.30863
2025,10,1,6,,3.0,0.6104
2025,10,1,7,,2.86,1.56353
2025,10,1,8,,2.73,1.42187
2025,10,1,9,,3.0,3.3244
2025,10,1,10,,3.48,3.20757
2025,10,1,11,,4.08,1.42543
2025,10,1,12,,4.93,0.33847
2025,10,1,13,,5.92,0.2853
2025,10,1,14,,6.98,0.33743
2025,10,1,15,,7.64,0.31987
2025,10,1,16,,7.67,1.21457
2025,10,1,17,,7.54,1.38203
2025,10,1,18,,7.18,1.22787
2025,10,1,19,,6.93,1.841
2025,10,1,20,,6.93,1.40267
2025,10,1,21,,6.86,1.7908
2025,10,1,22,,6.81,2.69753
2025,10,1,23,,6.71,2.40093
2025,10,2,0,,6.65,1.98853
2025,10,2,1,,6.72,0.49897
2025,10,2,2,,7.05,0.31873
2025,10,2,3,,7.39,0.35123
2025,10,2,4,,7.91,0.29923
2025,10,2,5,,9.96,0.2761
2025,10,2,6,,11.04,0.3076
2025,10,2,7,,11.24,1.65717
2025,10,2,8,,11.39,2.14677
2025,10,2,9,,11.29,1.8331
2025,10,2,10,,10.9,2.03423
2025,10,2,11,,10.71,2.21387
2025,10,2,12,,11.22,1.4184
2025,10,2,13,,11.86,1.7474
2025,10,2,14,,11.81,2.0945
2025,10,2,15,,11.04,2.77997
2025,10,2,16,,10.28,2.62103
2025,10,2,17,,9.57,1.7884
2025,10,2,18,,8.89,2.29247
2025,10,2,19,,8.25,2.25067
2025,10,2,20,,7.4,1.9102
2025,10,2,21,,6.12,1.9473
2025,10,2,22,,4.73,1.5017
2025,10,2,23,,3.54,0.37017
2025,10,3,0,,2.73,0.26897
2025,10,3,1,,2.17,0.35593
2025,10,3,2,,2.04,0.2814
2025,10,3,3,,2.16,0.7598
2025,10,3,4,,2.36,0.3089
2025,10,3,5,,2.78,0.31247
2025,10,3,6,,3.63,1.1957
2025,10,3,7,,3.66,2.45537
2025,10,3,8,,4.04,1.80783
2025,10,3,9,,4.64,1.1562
2025,10,3,10,,4.7,0.28987
2025,10,3,11,,4.63,0.494
2025,10,3,12,,4.33,0.45293
2025,10,3,13,,3.91,1.50527
2025,10,3,14,,3.65,1.79093
2025,10,3,15,,2.82,0.43503
2025,10,3,16,,2.29,0.27977
2025,10,3,17,,1.98,0.27197
2025,10,3,18,,1.84,1.0054
2025,10,3,19,,1.81,1.4285
2025,10,3,20,,1.62,0.47997
2025,10,3,21,,1.57,2.7942
2025,10,3,22,,1.62,0.8599
2025,10,3,23,,1.58,0.3506
2025,10,4,0,,1.28,0.33047
2025,10,4,1,,0.93,0.31787
2025,10,4,2,,1.54,0.2929
2025,10,4,3,,2.81,0.3052
2025,10,4,4,,4.28,0.9777
2025,10,4,5,,6.28,0.2858
2025,10,4,6,,8.24,1.20073
2025,10,4,7,,9.44,1.92917
2025,10,4,8,,9.73,1.98583
2025,10,4,9,,9.75,1.326
2025,10,4,10,,9.62,1.3197
2025,10,4,11,,9.26,1.3155
2025,10,4,12,,8.72,1.32727
2025,10,4,13,,8.17,0.31477
2025,10,4,14,,7.56,0.2856
2025,10,4,15,,5.96,0.28313
2025,10,4,16,,4.22,0.38113
2025,10,4,17,,3.54,0.29387
2025,10,4,18,,3.02,1.0865
2025,10,4,19,,2.59,3.18707
2025,10,4,20,,2.38,3.39463
2025,10,4,21,,2.48,1.88193
2025,10,4,22,,2.68,0.97133
2025,10,4,23,,2.99,0.31353
2025,10,5,0,,3.49,0.30377
2025,10,5,1,,4.03,0.28783
2025,10,5,2,,4.34,0.2812
2025,10,5,3,,4.41,0.28667
2025,10,5,4,,4.26,0.27393
2025,10,5,5,,4.83,0.8622
2025,10,5,6,,5.22,1.0602
2025,10,5,7,,5.08,1.62073
2025,10,5,8,,5.05,1.52643
2025,10,5,9,,5.3,1.53033
2025,10,5,10,,5.47,1.9439
2025,10,5,11,,5.39,1.62957
2025,10,5,12,,5.13,1.36523
2025,10,5,13,,4.75,1.35587
2025,10,5,14,,4.21,1.02957
2025,10,5,15,,2.75,0.31697
2025,10,5,16,,1.95,0.32853
2025,10,5,17,,1.57,0.3336
2025,10,5,18,,1.52,0.38213
2025,10,5,19,,1.97,1.85287
2025,10,5,20,,2.4,1.99467
2025,10,5,21,,2.8,1.16857
2025,10,5,22,,3.13,1.13327
2025,10,5,23,,3.3,0.36683
2025,10,6,0,,3.58,0.39257
2025,10,6,1,,4.02,0.34697
2025,10,6,2,,4.29,0.2595
2025,10,6,3,,4.29,0.30183
2025,10,6,4,,4.17,0.737
2025,10,6,5,,4.82,0.4605
2025,10,6,6,,5.28,0.27487
2025,10,6,7,,5.31,0.64023
2025,10,6,8,,5.12,1.71927
2025,10,6,9,,4.68,1.33877
2025,10,6,10,,4.07,1.43177
2025,10,6,11,,3.5,2.56203
2025,10,6,12,,2.88,0.8432
2025,10,6,13,,2.13,0.8673
2025,10,6,14,,1.29,1.43977
2025,10,6,15,,0.52,1.79907
2025,10,6,16,,1.65,0.51783
2025,10,6,17,,2.76,1.3082
2025,10,6,18,,3.63,2.66183
2025,10,6,19,,4.26,2.47307
2025,10,6,20,,4.46,1.95557
2025,10,6,21,,4.08,1.9151
2025,10,6,22,,3.73,1.683
2025,10,6,23,,4.13,1.34143
2025,10,7,0,,4.93,0.45103
2025,10,7,1,,5.98,0.42003
2025,10,7,2,,6.75,0.39867
2025,10,7,3,,6.57,0.3994
2025,10,7,4,,5.78,0.38927
2025,10,7,5,,5.4,0.8398
2025,10,7,6,,5.22,0.32853
2025,10,7,7,,4.66,0.31797
2025,10,7,8,,3.94,0.65743
2025,10,7,9,,3.81,0.4057
2025,10,7,10,,3.94,1.0681
2025,10,7,11,,3.97,2.18197
2025,10,7,12,,3.2,2.30263
2025,10,7,13,,2.24,3.11957
2025,10,7,14,,3.89,2.10627
2025,10,7,15,,4.06,2.1776
2025,10,7,16,,4.27,1.78813
2025,10,7,17,,5.06,1.05087
2025,10,7,18,,5.84,1.0246
2025,10,7,19,,5.65,3.15953
2025,10,7,20,,5.28,4.0393
2025,10,7,21,,5.15,3.51057
2025,10,7,22,,4.97,1.58247
2025,10,7,23,,4.91,1.38247
2025,10,8,0,,4.85,0.34497
2025,10,8,1,,4.8,0.3436
2025,10,8,2,,4.87,0.3198
2025,10,8,3,,4.78,0.30673
2025,10,8,4,,4.64,0.30517
2025,10,8,5,,5.5,0.31403
2025,10,8,6,,5.6,0.49853
2025,10,8,7,,5.58,1.48123
2025,10,8,8,,5.69,1.3795
2025,10,8,9,,5.72,0.34287
2025,10,8,10,,5.61,0.32467
2025,10,8,11,,5.47,0.3784
2025,10,8,12,,5.55,0.40233
2025,10,8,13,,6.11,0.4132
2025,10,8,14,,6.61,0.55943
2025,10,8,15,,5.99,0.35377
2025,10,8,16,,5.12,0.30723
2025,10,8,17,,4.86,0.65647
2025,10,8,18,,4.84,0.6485
2025,10,8,19,,5.04,1.36117
2025,10,8,20,,5.52,1.60113
2025,10,8,21,,5.9,2.68903
2025,10,8,22,,5.91,1.74127
2025,10,8,23,,5.69,1.181
2025,10,9,0,,5.73,0.31613
2025,10,9,1,,5.83,0.28903
2025,10,9,2,,5.78,0.29123
2025,10,9,3,,5.76,0.3001
2025,10,9,4,,5.92,0.2893
2025,10,9,5,,6.4,0.2992
2025,10,9,6,,6.8,1.954
2025,10,9,7,,7.0,2.27827
2025,10,9,8,,7.07,1.30583
2025,10,9,9,,6.9,1.34033
2025,10,9,10,,6.66,0.67123
2025,10,9,11,,6.27,0.27307
2025,10,9,12,,5.76,0.29743
2025,10,9,13,,5.18,0.31047
2025,10,9,14,,4.53,0.51753
2025,10,9,15,,3.5,2.6725
2025,10,9,16,,3.49,2.72597
2025,10,9,17,,3.69,2.0779
2025,10,9,18,,3.91,1.43927
2025,10,9,19,,4.14,1.00337
2025,10,9,20,,4.37,1.58257
2025,10,9,21,,4.35,3.96733
2025,10,9,22,,4.15,1.55713
2025,10,9,23,,4.02,0.37177
2025,10,10,0,,3.9,0.32307
2025,10,10,1,,3.78,0.3149
2025,10,10,2,,3.57,0.30713
2025,10,10,3,,3.35,0.28233
2025,10,10,4,,3.18,0.29297
2025,10,10,5,,3.52,0.31927
2025,10,10,6,,3.35,1.01503
2025,10,10,7,,3.8,0.84957
2025,10,10,8,,4.07,1.98067
2025,10,10,9,,4.18,0.77583
2025,10,10,10,,4.32,0.348
2025,10,10,11,,4.26,0.29563
2025,10,10,12,,4.03,0.53263
2025,10,10,13,,3.77,0.79513
2025,10,10,14,,3.54,0.39373
2025,10,10,15,,2.93,0.3328
2025,10,10,16,,3.11,0.29607
2025,10,10,17,,3.21,0.29613
2025,10,10,18,,3.28,0.33777
2025,10,10,19,,3.32,1.9301
2025,10,10,20,,3.43,3.12323
2025,10,10,21,,3.61,3.18873
2025,10,10,22,,3.79,0.75773
2025,10,10,23,,4.0,0.36107
2025,10,11,0,,4.19,0.37013
2025,10,11,1,,4.33,0.3102
2025,10,11,2,,4.44,0.32263
2025,10,11,3,,4.5,0.31473
2025,10,11,4,,4.48,0.66737
2025,10,11,5,,5.26,0.49303
2025,10,11,6,,5.41,0.5198
2025,10,11,7,,5.73,2.14247
2025,10,11,8,,5.8,2.0458
2025,10,11,9,,5.86,1.31197
2025,10,11,10,,6.04,1.33113
2025,10,11,11,,6.75,1.33987
2025,10,11,12,,7.7,0.54023
2025,10,11,13,,7.58,0.43257
2025,10,11,14,,6.68,0.3615
2025,10,11,15,,5.37,0.36147
2025,10,11,16,,4.62,0.31003
2025,10,11,17,,4.38,0.3084
2025,10,11,18,,4.15,0.30773
2025,10,11,19,,3.94,2.4614
2025,10,11,20,,3.7,4.31837
2025,10,11,21,,3.53,3.96767
2025,10,11,22,,3.42,2.3618
2025,10,11,23,,3.24,1.9738
2025,10,12,0,,3.09,0.85403
2025,10,12,1,,3.11,0.33333
2025,10,12,2,,3.32,0.31627
2025,10,12,3,,3.54,0.34323
2025,10,12,4,,3.52,0.33567
2025,10,12,5,,3.93,0.30383
2025,10,12,6,,3.6,1.49433
2025,10,12,7,,3.26,2.03857
2025,10,12,8,,3.07,2.13887
2025,10,12,9,,3.02,1.8389
2025,10,12,10,,3.01,2.56647
2025,10,12,11,,3.02,2.04117
2025,10,12,12,,3.16,3.562
2025,10,12,13,,3.21,2.64963
2025,10,12,14,,2.98,0.45147
2025,10,12,15,,2.35,0.34847
2025,10,12,16,,2.15,0.34343
2025,10,12,17,,1.98,0.3923
2025,10,12,18,,1.72,1.7316
2025,10,12,19,,1.4,2.54837
2025,10,12,20,,1.13,2.09183
2025,10,12,21,,1.0,2.26193
2025,10,12,22,,0.98,0.63107
2025,10,12,23,,1.08,0.29163
2025,10,13,0,,1.25,0.2869
2025,10,13,1,,1.47,0.29837
2025,10,13,2,,1.76,0.29627
2025,10,13,3,,2.02,0.28853
2025,10,13,4,,2.19,0.294
2025,10,13,5,,2.28,0.2943
2025,10,13,6,,2.66,0.28627
2025,10,13,7,,2.67,1.719
2025,10,13,8,,2.46,2.27687
2025,10,13,9,,2.19,1.37207
2025,10,13,10,,2.01,1.3429
2025,10,13,11,,1.75,0.42
2025,10,13,12,,1.36,0.31967
2025,10,13,13,,1.1,0.70437
2025,10,13,14,,1.25,0.3883
2025,10,13,15,,1.63,0.9404
2025,10,13,16,,2.2,0.73523
2025,10,13,17,,2.67,1.74337
2025,10,13,18,,2.99,1.6048
2025,10,13,19,,3.2,4.73277
2025,10,13,20,,3.26,5.0948
2025,10,13,21,,3.35,2.40857
2025,10,13,22,,3.52,2.6967
2025,10,13,23,,3.67,1.5677
2025,10,14,0,,3.79,1.14277
2025,10,14,1,,3.92,1.13447
2025,10,14,2,,4.0,0.36373
2025,10,14,3,,4.0,0.6868
2025,10,14,4,,3.96,0.5795
2025,10,14,5,,4.08,0.27307
2025,10,14,6,,4.59,0.30223
2025,10,14,7,,4.36,0.3007
2025,10,14,8,,3.79,0.65137
2025,10,14,9,,3.34,1.06523
2025,10,14,10,,3.23,1.77553
2025,10,14,11,,3.48,1.4052
2025,10,14,12,,3.87,1.80747
2025,10,14,13,,4.2,2.2312
2025,10,14,14,,4.5,4.1698
2025,10,14,15,,4.35,2.8681
2025,10,14,16,,4.12,2.046
2025,10,14,17,,3.86,0.6699
2025,10,14,18,,3.55,1.06737
2025,10,14,19,,3.22,3.3715
2025,10,14,20,,2.9,2.75477
2025,10,14,21,,2.82,2.02743
2025,10,14,22,,2.96,1.3191
2025,10,14,23,,3.13,0.34097
2025,10,15,0,,3.28,0.2934
2025,10,15,1,,3.44,0.30527
2025,10,15,2,,3.59,0.29173
2025,10,15,3,,3.58,0.2938
2025,10,15,4,,3.52,0.5143
2025,10,15,5,,3.71,0.55003
2025,10,15,6,,4.1,1.03607
2025,10,15,7,,4.18,2.49473
2025,10,15,8,,4.25,1.37943
2025,10,15,9,,4.36,1.32783
2025,10,15,10,,4.56,1.32523
2025,10,15,11,,4.8,1.3325
2025,10,15,12,,5.03,0.7312
2025,10,15,13,,5.24,0.2939
2025,10,15,14,,5.39,0.27917
2025,10,15,15,,5.05,0.3204
2025,10,15,16,,4.88,0.29933
2025,10,15,17,,4.65,0.29243
2025,10,15,18,,4.46,0.7722
2025,10,15,19,,4.37,1.2147
2025,10,15,20,,4.37,3.0245
2025,10,15,21,,4.5,1.94457
2025,10,15,22,,4.76,0.45497
2025,10,15,23,,5.07,0.3338
2025,10,16,0,,5.21,0.30843
2025,10,16,1,,5.33,0.9748
2025,10,16,2,,5.78,0.2683
2025,10,16,3,,5.96,0.30787
2025,10,16,4,,6.13,0.28763
2025,10,16,5,,6.97,0.26427
2025,10,16,6,,8.04,0.89507
2025,10,16,7,,8.71,2.1742
2025,10,16,8,,8.86,1.43773
2025,10,16,9,,8.87,1.32467
2025,10,16,10,,8.83,0.64697
2025,10,16,11,,8.9,0.90253
2025,10,16,12,,9.07,1.72577
2025,10,16,13,,9.25,3.60347
2025,10,16,14,,9.3,3.2336
2025,10,16,15,,8.43,2.15593
2025,10,16,16,,7.39,1.46463
2025,10,16,17,,7.01,0.50273
2025,10,16,18,,6.98,0.45473
2025,10,16,19,,6.75,1.15123
2025,10,16,20,,6.32,2.3113
2025,10,16,21,,6.18,2.23003
2025,10,16,22,,6.15,3.18567
2025,10,16,23,,6.16,0.92913
2025,10,17,0,,6.17,0.3263
2025,10,17,1,,6.15,0.30007
2025,10,17,2,,6.19,0.29183
2025,10,17,3,,5.96,0.31367
2025,10,17,4,,5.7,0.29827
2025,10,17,5,,6.25,0.2906
2025,10,17,6,,7.29,1.13283
2025,10,17,7,,7.09,2.52513
2025,10,17,8,,6.5,2.2839
2025,10,17,9,,6.09,1.8623
2025,10,17,10,,5.75,1.3458
2025,10,17,11,,5.45,1.386
2025,10,17,12,,5.39,1.3975
2025,10,17,13,,5.52,1.40427
2025,10,17,14,,5.83,0.46493
2025,10,17,15,,5.54,0.37763
2025,10,17,16,,5.32,0.3116
2025,10,17,17,,4.85,0.2916
2025,10,17,18,,4.53,0.36173
2025,10,17,19,,4.32,1.99063
2025,10,17,20,,3.99,2.48403
2025,10,17,21,,3.44,3.0821
2025,10,17,22,,2.95,1.3708
2025,10,17,23,,2.59,0.38863
2025,10,18,0,,2.37,0.3593
2025,10,18,1,,2.21,0.35577
2025,10,18,2,,1.99,0.3547
2025,10,18,3,,1.74,0.3106
2025,10,18,4,,1.39,0.3244
2025,10,18,5,,1.21,0.3079
2025,10,18,6,,1.15,0.71833
2025,10,18,7,,1.46,1.4076
2025,10,18,8,,1.95,1.92693
2025,10,18,9,,2.34,1.4943
2025,10,18,10,,2.63,1.3158
2025,10,18,11,,2.72,0.3668
2025,10,18,12,,2.51,1.57767
2025,10,18,13,,2.25,0.5647
2025,10,18,14,,2.05,0.46553
2025,10,18,15,,1.42,0.3264
2025,10,18,16,,1.11,0.30407
2025,10,18,17,,1.03,0.86597
2025,10,18,18,,0.98,0.337
2025,10,18,19,,0.85,1.64987
2025,10,18,20,,0.69,2.42873
2025,10,18,21,,0.68,3.40177
2025,10,18,22,,1.08,2.75307
2025,10,18,23,,1.61,1.39163
2025,10,19,0,,2.08,1.1266
2025,10,19,1,,2.48,0.27637
2025,10,19,2,,2.73,0.29627
2025,10,19,3,,2.79,0.30137
2025,10,19,4,,2.79,0.28987
2025,10,19,5,,3.62,0.28363
2025,10,19,6,,4.91,1.38997
2025,10,19,7,,6.37,2.93483
2025,10,19,8,,6.8,2.08647
2025,10,19,9,,6.33,1.6543
2025,10,19,10,,5.59,2.5801
2025,10,19,11,,5.11,4.32847
2025,10,19,12,,5.09,2.94987
2025,10,19,13,,5.39,1.57927
2025,10,19,14,,5.61,1.4328
2025,10,19,15,,4.74,1.3998
2025,10,19,16,,4.4,0.928
2025,10,19,17,,4.19,0.28993
2025,10,19,18,,4.04,0.81697
2025,10,19,19,,3.87,1.91593
2025,10,19,20,,3.73,1.97027
2025,10,19,21,,3.71,1.41897
2025,10,19,22,,3.72,1.1913
2025,10,19,23,,3.7,1.31947
2025,10,20,0,,3.63,0.8003
2025,10,20,1,,3.53,0.6008
2025,10,20,2,,3.4,0.2978
2025,10,20,3,,3.16,0.29843
2025,10,20,4,,2.91,0.28857
2025,10,20,5,,2.65,0.28417
2025,10,20,6,,2.72,0.3142
2025,10,20,7,,2.2,1.02957
2025,10,20,8,,1.71,1.9596
2025,10,20,9,,1.48,1.4457
2025,10,20,10,,1.49,1.4729
2025,10,20,11,,1.61,1.78587
2025,10,20,12,,1.84,2.23887
2025,10,20,13,,2.17,1.22673
2025,10,20,14,,2.55,2.504
2025,10,20,15,,2.87,1.827
2025,10,20,16,,3.59,1.87083
2025,10,20,17,,4.07,1.53777
2025,10,20,18,,4.29,1.42463
2025,10,20,19,,4.43,1.43343
2025,10,20,20,,4.53,1.42117
2025,10,20,21,,4.54,0.5351
2025,10,20,22,,4.43,0.41647
2025,10,20,23,,4.27,0.65687
2025,10,21,0,,4.15,0.9332
2025,10,21,1,,4.12,0.32147
2025,10,21,2,,4.16,0.294
2025,10,21,3,,4.19,0.2915
2025,10,21,4,,4.19,0.28847
2025,10,21,5,,4.08,0.31527
2025,10,21,6,,4.85,1.01473
2025,10,21,7,,4.83,0.43063
2025,10,21,8,,4.42,0.6267
2025,10,21,9,,3.73,0.42597
2025,10,21,10,,2.85,0.31707
2025,10,21,11,,2.15,2.29473
2025,10,21,12,,1.76,3.20003
2025,10,21,13,,1.65,3.2446
2025,10,21,14,,1.64,2.65797
2025,10,21,15,,2.29,3.74083
2025,10,21,16,,3.2,1.71007
2025,10,21,17,,3.54,0.66057
2025,10,21,18,,3.61,0.8611
2025,10,21,19,,3.5,2.29547
2025,10,21,20,,3.07,3.11
2025,10,21,21,,2.51,1.75923
2025,10,21,22,,1.84,1.22367
2025,10,21,23,,1.02,0.3484
2025,10,22,0,,0.6,0.33087
2025,10,22,1,,0.82,0.2952
2025,10,22,2,,0.89,0.33127
2025,10,22,3,,0.82,0.32497
2025,10,22,4,,0.82,0.62117
2025,10,22,5,,0.88,0.60733
2025,10,22,6,,1.1,1.3658
2025,10,22,7,,1.59,2.02603
2025,10,22,8,,1.86,2.42333
2025,10,22,9,,2.28,2.08907
2025,10,22,10,,2.8,1.44873
2025,10,22,11,,3.06,1.33143
2025,10,22,12,,3.08,1.32617
2025,10,22,13,,2.84,1.33437
2025,10,22,14,,2.22,1.3663
2025,10,22,15,,1.46,1.39117
2025,10,22,16,,1.61,1.3416
2025,10,22,17,,2.17,1.37483
2025,10,22,18,,2.61,0.6895
2025,10,22,19,,2.64,1.56813
2025,10,22,20,,2.42,1.3316
2025,10,22,21,,2.19,1.20917
2025,10,22,22,,2.13,0.8534
2025,10,22,23,,2.35,0.56683
2025,10,23,0,,2.62,1.09823
2025,10,23,1,,2.9,0.29343
2025,10,23,2,,3.18,0.30077
2025,10,23,3,,3.22,0.26607
2025,10,23,4,,3.25,0.30213
2025,10,23,5,,3.46,0.27523
2025,10,23,6,,4.67,0.29787
2025,10,23,7,,5.76,1.97997
2025,10,23,8,,6.67,2.33853
2025,10,23,9,,7.37,1.3824
2025,10,23,10,,6.8,1.35673
2025,10,23,11,,6.16,1.33613
2025,10,23,12,,5.43,0.98077
2025,10,23,13,,4.7,0.27557
2025,10,23,14,,3.66,0.295
2025,10,23,15,,3.23,0.35857
2025,10,23,16,,3.82,2.88877
2025,10,23,17,,4.69,4.50837
2025,10,23,18,,5.22,2.1023
2025,10,23,19,,5.27,2.50627
2025,10,23,20,,4.72,2.71403
2025,10,23,21,,4.39,2.19624
2025,10,23,22,,4.26,1.96247
2025,10,23,23,,4.21,0.63483
2025,10,24,0,,4.29,0.82113
2025,10,24,1,,4.48,0.30863
2025,10,24,2,,4.76,0.28993
2025,10,24,3,,5.13,0.293
2025,10,24,4,,5.48,0.3164
2025,10,24,5,,6.28,0.28563
2025,10,24,6,,7.82,0.30197
2025,10,24,7,,9.48,1.4049
2025,10,24,8,,10.61,1.88603
2025,10,24,9,,11.48,1.36317
2025,10,24,10,,11.64,1.37217
2025,10,24,11,,11.49,2.5847
2025,10,24,12,,11.23,1.0865
2025,10,24,13,,10.51,0.34987
2025,10,24,14,,9.09,1.0112
2025,10,24,15,,8.05,0.91323
2025,10,24,16,,7.54,0.3447
2025,10,24,17,,7.61,0.4616
2025,10,24,18,,7.07,1.49377
2025,10,24,19,,6.69,3.7766
2025,10,24,20,,5.52,3.18303
2025,10,24,21,,3.77,3.26943
2025,10,24,22,,2.04,3.1174
2025,10,24,23,,1.42,0.85893
2025,10,25,0,,2.58,0.65167
2025,10,25,1,,4.11,0.29197
2025,10,25,2,,4.9,0.273
2025,10,25,3,,5.23,0.27077
2025,10,25,4,,5.16,0.27627
2025,10,25,5,,5.29,0.27217
2025,10,25,6,,5.42,1.59743
2025,10,25,7,,5.12,3.239
2025,10,25,8,,4.62,2.48377
2025,10,25,9,,4.25,1.76007
2025,10,25,10,,4.13,1.3026
2025,10,25,11,,3.82,1.3034
2025,10,25,12,,3.11,0.5476
2025,10,25,13,,2.58,0.28437
2025,10,25,14,,2.41,0.35923
2025,10,25,15,,2.3,0.3983
2025,10,25,16,,2.36,0.41853
2025,10,25,17,,2.5,0.92077
2025,10,25,18,,2.57,0.68327
2025,10,25,19,,2.5,2.23957
2025,10,25,20,,2.54,2.83027
2025,10,25,21,,2.67,4.80097
2025,10,25,22,,2.7,2.4369
2025,10,25,23,,2.74,1.25677
2025,10,26,0,,2.88,0.785
2025,10,26,1,,3.01,0.48273
2025,10,26,2,,3.09,0.4886
2025,10,26,3,,3.22,0.48163
2025,10,26,4,,3.5,0.49443
2025,10,26,5,,3.71,0.54273
2025,10,26,6,,4.81,2.2563
2025,10,26,7,,5.21,2.7048
2025,10,26,8,,5.62,2.27493
2025,10,26,9,,5.71,1.53167
2025,10,26,10,,5.56,1.5173
2025,10,26,11,,5.53,0.51283
2025,10,26,12,,5.67,0.45983
2025,10,26,13,,5.62,0.5193
2025,10,26,14,,4.62,0.52177
2025,10,26,15,,4.02,0.53443
2025,10,26,16,,4.3,0.4651
2025,10,26,17,,4.63,0.46733
2025,10,26,18,,4.79,1.26013
2025,10,26,19,,4.91,2.04163
2025,10,26,20,,5.48,0.82013
2025,10,26,21,,6.43,1.53593
2025,10,26,22,,7.69,0.78817
2025,10,26,23,,8.41,0.47273
2025,10,27,0,,8.47,0.45863
2025,10,27,1,,8.71,0.48107
2025,10,27,2,,8.86,1.02533
2025,10,27,3,,8.97,0.5648
2025,10,27,4,,8.96,0.4751
2025,10,27,5,,8.62,0.4544
2025,10,27,6,,8.85,0.4747
2025,10,27,7,,9.52,1.12227
2025,10,27,8,,9.9,2.86683
2025,10,27,9,,10.15,3.19163
2025,10,27,10,,10.35,4.33677
2025,10,27,11,,9.84,3.8225
2025,10,27,12,,9.45,2.6971
2025,10,27,13,,8.75,2.2952
2025,10,27,14,,7.28,1.73017
2025,10,27,15,,5.4,1.3412
2025,10,27,16,,4.78,0.42697
2025,10,27,17,,5.31,0.264
2025,10,27,18,,6.25,0.37613
2025,10,27,19,,5.92,0.26793
2025,10,27,20,,4.94,0.26453
2025,10,27,21,,3.71,0.2735
2025,10,27,22,,2.93,0.26077
2025,10,27,23,,2.5,0.28993
2025,10,28,0,,2.36,0.2585
2025,10,28,1,,2.41,0.31217
2025,10,28,2,,2.34,0.91827
2025,10,28,3,,2.08,0.27637
2025,10,28,4,,1.77,0.2745
2025,10,28,5,,1.59,0.25873
2025,10,28,6,,1.65,0.2796
2025,10,28,7,,0.81,0.2464
2025,10,28,8,,1.35,0.2669
2025,10,28,9,,2.11,0.27557
2025,10,28,10,,2.65,0.4741
2025,10,28,11,,3.21,0.257
2025,10,28,12,,4.12,0.66113
2025,10,28,13,,5.07,0.84473
2025,10,28,14,,5.78,0.2529
2025,10,28,15,,5.58,0.27667
2025,10,28,16,,4.47,0.25687
2025,10,28,17,,3.19,0.25103
2025,10,28,18,,2.57,0.37773
2025,10,28,19,,2.5,0.26087
2025,10,28,20,,2.68,0.2599
2025,10,28,21,,2.91,0.25773
2025,10,28,22,,3.09,0.2745
2025,10,28,23,,3.17,0.4638
2025,10,29,0,,3.29,1.067
2025,10,29,1,,3.32,0.25653
2025,10,29,2,,3.22,0.2818
2025,10,29,3,,3.09,0.2624
2025,10,29,4,,2.97,0.25157
2025,10,29,5,,2.88,0.2795
2025,10,29,6,,2.85,0.26527
2025,10,29,7,,2.43,0.246
2025,10,29,8,,2.55,0.268
2025,10,29,9,,2.63,0.26183
2025,10,29,10,,2.57,0.26223
2025,10,29,11,,2.42,1.2306
2025,10,29,12,,2.25,0.27253
2025,10,29,13,,2.1,0.2458
2025,10,29,14,,1.83,0.26617
2025,10,29,15,,1.99,0.2834
2025,10,29,16,,2.23,0.2593
2025,10,29,17,,2.4,0.2952
2025,10,29,18,,2.46,0.2819
2025,10,29,19,,2.4,0.25523
2025,10,29,20,,2.23,0.24717
2025,10,29,21,,1.83,0.27037
2025,10,29,22,,1.31,1.1052
2025,10,29,23,,1.0,0.37547
2025,10,30,0,,1.11,0.28603
2025,10,30,1,,1.49,0.25337
2025,10,30,2,,2.0,0.25913
2025,10,30,3,,2.4,0.27277
2025,10,30,4,,2.62,0.25613
2025,10,30,5,,2.64,0.26737
2025,10,30,6,,2.8,0.2592
2025,10,30,7,,2.58,0.26813
2025,10,30,8,,2.24,0.26127
2025,10,30,9,,1.88,1.02943
2025,10,30,10,,1.6,0.46623
2025,10,30,11,,1.25,0.2546
2025,10,30,12,,0.96,0.95077
2025,10,30,13,,0.7,3.35703
2025,10,30,14,,0.62,1.38373
2025,10,30,15,,1.06,1.36027
2025,10,30,16,,1.66,0.4977
2025,10,30,17,,2.25,0.252
2025,10,30,18,,2.85,0.27497
2025,10,30,19,,3.43,0.25703
2025,10,30,20,,3.8,0.2426
2025,10,30,21,,3.88,0.2782
2025,10,30,22,,3.8,0.2681
2025,10,30,23,,3.71,0.26073
2025,10,31,0,,3.69,0.61883
2025,10,31,1,,3.85,0.69933
2025,10,31,2,,4.11,0.26143
2025,10,31,3,,4.34,0.28247
2025,10,31,4,,4.33,0.25733
2025,10,31,5,,4.04,0.26043
2025,10,31,6,,4.53,0.2868
2025,10,31,7,,4.81,0.24117
2025,10,31,8,,4.89,0.2622
2025,10,31,9,,5.04,0.27817
2025,10,31,10,,5.09,0.2564
2025,10,31,11,,5.06,1.18697
2025,10,31,12,,4.9,2.74963
2025,10,31,13,,4.64,3.67363
2025,10,31,14,,3.8,1.7286
2025,10,31,15,,3.33,1.3592
2025,10,31,16,,3.15,1.35163
2025,10,31,17,,2.94,1.46503
2025,10,31,18,,2.65,1.95967
2025,10,31,19,,2.26,1.09687
2025,10,31,20,,1.92,0.26917
2025,10,31,21,,1.8,0.26073
2025,10,31,22,,1.89,0.282
2025,10,31,23,,2.11,0.29913
2025,11,1,0,,2.27,0.25803
2025,11,1,1,,2.28,0.27567
2025,11,1,2,,2.09,0.28147
2025,11,1,3,,1.69,0.2465
2025,11,1,4,,1.1,0.26943
2025,11,1,5,,0.55,0.2742
2025,11,1,6,,0.76,0.48357
2025,11,1,7,,1.09,1.03897
2025,11,1,8,,0.9,0.2784
2025,11,1,9,,0.42,0.25523
2025,11,1,10,,0.82,0.23747
2025,11,1,11,,1.79,0.28303
2025,11,1,12,,2.75,0.25567
2025,11,1,13,,3.55,0.25587
2025,11,1,14,,3.76,0.27787
2025,11,1,15,,4.12,0.2559
2025,11,1,16,,4.56,0.26173
2025,11,1,17,,4.67,0.25907
2025,11,1,18,,4.71,1.2346
2025,11,1,19,,4.58,0.25693
2025,11,1,20,,4.39,0.25257
2025,11,1,21,,4.28,0.25837
2025,11,1,22,,4.26,0.25473
2025,11,1,23,,4.33,0.265
2025,11,2,0,,4.45,0.26173
2025,11,2,1,,4.58,0.25753
2025,11,2,2,,4.71,0.27693
2025,11,2,3,,4.75,0.24727
2025,11,2,4,,4.74,0.26943
2025,11,2,5,,4.57,1.19513
2025,11,2,6,,5.26,0.3027
2025,11,2,7,,5.29,0.26373
2025,11,2,8,,4.95,0.27607
2025,11,2,9,,4.74,0.24197
2025,11,2,10,,4.73,0.2867
2025,11,2,11,,5.04,2.2435
2025,11,2,12,,5.49,2.65643
2025,11,2,13,,5.78,2.31227
2025,11,2,14,,5.76,1.4636
2025,11,2,15,,5.16,1.35333
2025,11,2,16,,4.98,1.34537
2025,11,2,17,,4.58,3.0781
2025,11,2,18,,4.19,1.27927
2025,11,2,19,,3.82,1.27767
2025,11,2,20,,3.52,1.28997
2025,11,2,21,,3.22,1.267
2025,11,2,22,,2.85,0.3375
2025,11,2,23,,2.42,0.27683
2025,11,3,0,,1.87,0.25513
2025,11,3,1,,1.26,0.26407
2025,11,3,2,,0.72,0.2653
2025,11,3,3,,0.98,0.26307
2025,11,3,4,,1.68,0.2707
2025,11,3,5,,2.2,0.25473
2025,11,3,6,,3.01,0.26563
2025,11,3,7,,3.54,0.2644
2025,11,3,8,,3.93,0.90307
2025,11,3,9,,4.22,0.58877
2025,11,3,10,,4.17,0.25773
2025,11,3,11,,3.93,0.27147
2025,11,3,12,,3.71,0.23073
2025,11,3,13,,3.47,0.25883
2025,11,3,14,,2.7,0.2766
2025,11,3,15,,2.39,0.25347
2025,11,3,16,,2.28,0.27767
2025,11,3,17,,2.23,0.28063
2025,11,3,18,,2.39,0.25213
2025,11,3,19,,2.56,0.64367
2025,11,3,20,,2.6,0.83223
2025,11,3,21,,2.58,0.25793
2025,11,3,22,,2.46,0.25237
2025,11,3,23,,2.31,0.26883
2025,11,4,0,,2.2,0.28067
2025,11,4,1,,2.12,0.25953
2025,11,4,2,,2.01,0.26453
2025,11,4,3,,1.93,0.27083
2025,11,4,4,,1.84,0.26573
2025,11,4,5,,1.72,0.27467
2025,11,4,6,,1.92,0.51893
2025,11,4,7,,2.04,0.9623
2025,11,4,8,,1.88,0.27507
2025,11,4,9,,1.75,0.26117
2025,11,4,10,,2.17,0.27327
2025,11,4,11,,3.09,0.27527
2025,11,4,12,,4.13,0.29003
2025,11,4,13,,5.22,0.26693
2025,11,4,14,,6.38,0.87117
2025,11,4,15,,6.73,1.11097
2025,11,4,16,,6.35,0.7918
2025,11,4,17,,5.49,2.50397
2025,11,4,18,,4.87,4.84357
2025,11,4,19,,4.47,2.9293
2025,11,4,20,,4.21,1.8956
2025,11,4,21,,4.07,3.0963
2025,11,4,22,,4.14,1.60873
2025,11,4,23,,4.31,0.3711
2025,11,5,0,,4.47,0.35767
2025,11,5,1,,4.61,0.30807
2025,11,5,2,,4.78,0.2981
2025,11,5,3,,4.92,0.3181
2025,11,5,4,,4.82,0.3106
2025,11,5,5,,5.0,0.4257
2025,11,5,6,,6.12,0.941
2025,11,5,7,,6.72,1.53667
2025,11,5,8,,7.26,1.4708
2025,11,5,9,,7.85,1.43873
2025,11,5,10,,8.65,1.37163
2025,11,5,11,,9.37,1.079
2025,11,5,12,,9.72,0.30803
2025,11,5,13,,9.71,1.1723
2025,11,5,14,,9.37,1.26477
2025,11,5,15,,8.82,0.87963
2025,11,5,16,,8.5,0.28063
2025,11,5,17,,8.14,0.6881
2025,11,5,18,,7.72,1.98927
2025,11,5,19,,7.26,2.24377
2025,11,5,20,,7.03,1.7039
2025,11,5,21,,6.98,1.68007
2025,11,5,22,,6.96,1.70643
2025,11,5,23,,6.95,1.2369
2025,11,6,0,,7.07,1.7592
2025,11,6,1,,7.08,1.10357
2025,11,6,2,,7.01,1.18997
2025,11,6,3,,6.94,1.04897
2025,11,6,4,,6.89,0.59223
2025,11,6,5,,6.86,0.28967
2025,11,6,6,,7.39,0.69303
2025,11,6,7,,7.56,0.94437
2025,11,6,8,,7.81,2.12203
2025,11,6,9,,7.91,1.86527
2025,11,6,10,,7.93,1.8486
2025,11,6,11,,7.78,3.21403
2025,11,6,12,,7.5,2.8554
2025,11,6,13,,7.3,2.22357
2025,11,6,14,,6.99,1.42653
2025,11,6,15,,6.83,1.43383
2025,11,6,16,,6.74,0.76667
2025,11,6,17,,6.15,0.73257
2025,11,6,18,,5.5,1.52543
2025,11,6,19,,5.18,2.2011
2025,11,6,20,,5.24,2.8774
2025,11,6,21,,4.65,0.87117
2025,11,6,22,,4.31,0.76363
2025,11,6,23,,4.21,0.35807
2025,11,7,0,,3.97,0.34453
2025,11,7,1,,3.82,0.29283
2025,11,7,2,,3.75,0.94107
2025,11,7,3,,3.69,0.303
2025,11,7,4,,3.64,0.26733
2025,11,7,5,,3.51,0.29053
2025,11,7,6,,4.05,0.59723
2025,11,7,7,,4.13,2.11623
2025,11,7,8,,3.87,1.44707
2025,11,7,9,,3.38,1.40513
2025,11,7,10,,2.71,1.35407
2025,11,7,11,,2.24,0.32637
2025,11,7,12,,2.03,0.531
2025,11,7,13,,2.26,1.01087
2025,11,7,14,,2.54,1.01003
2025,11,7,15,,3.1,0.36527
2025,11,7,16,,3.77,1.07997
2025,11,7,17,,3.95,2.48627
2025,11,7,18,,3.8,2.716
2025,11,7,19,,3.54,4.48337
2025,11,7,20,,3.31,2.42927
2025,11,7,21,,3.21,2.7556
2025,11,7,22,,3.15,1.31817
2025,11,7,23,,3.11,0.87477
2025,11,8,0,,3.17,0.3018
2025,11,8,1,,3.37,0.31557
2025,11,8,2,,3.59,0.2739
2025,11,8,3,,3.61,0.3068
2025,11,8,4,,3.51,0.2987
2025,11,8,5,,3.4,0.27953
2025,11,8,6,,3.86,0.33157
2025,11,8,7,,3.62,1.21997
2025,11,8,8,,3.15,1.9536
2025,11,8,9,,2.59,1.55963
2025,11,8,10,,2.19,1.5716
2025,11,8,11,,2.08,1.57683
2025,11,8,12,,1.89,0.758
2025,11,8,13,,1.3,0.31093
2025,11,8,14,,0.05,0.35223
2025,11,8,15,,1.08,0.33337
2025,11,8,16,,1.88,0.32923
2025,11,8,17,,2.64,0.50233
2025,11,8,18,,3.16,1.37627
2025,11,8,19,,3.3,2.29873
2025,11,8,20,,3.22,3.08333
2025,11,8,21,,3.06,3.3366
2025,11,8,22,,2.91,2.00277
2025,11,8,23,,2.86,0.34437
2025,11,9,0,,3.03,0.28213
2025,11,9,1,,3.27,0.30357
2025,11,9,2,,3.44,0.29683
2025,11,9,3,,3.54,0.2891
2025,11,9,4,,3.65,0.7901
2025,11,9,5,,3.76,0.37463
2025,11,9,6,,4.57,0.5535
2025,11,9,7,,5.24,2.07163
2025,11,9,8,,5.74,1.80643
2025,11,9,9,,5.77,1.33357
2025,11,9,10,,5.01,1.35043
2025,11,9,11,,4.07,1.51647
2025,11,9,12,,3.62,2.51133
2025,11,9,13,,2.93,3.8873
2025,11,9,14,,1.59,2.8083
2025,11,9,15,,1.2,1.62163
2025,11,9,16,,0.82,1.45957
2025,11,9,17,,0.78,1.4952
2025,11,9,18,,1.32,2.5231
2025,11,9,19,,1.97,2.4301
2025,11,9,20,,2.55,1.761
2025,11,9,21,,2.82,2.023
2025,11,9,22,,2.84,2.21807
2025,11,9,23,,2.78,0.4801
2025,11,10,0,,2.69,0.33213
2025,11,10,1,,2.63,0.29307
2025,11,10,2,,2.53,0.29093
2025,11,10,3,,2.47,0.30573
2025,11,10,4,,2.45,0.26503
2025,11,10,5,,2.42,0.30647
2025,11,10,6,,2.75,0.9894
2025,11,10,7,,2.96,1.10427
2025,11,10,8,,2.96,2.30183
2025,11,10,9,,2.48,2.96907
2025,11,10,10,,1.88,1.78617
2025,11,10,11,,1.89,1.6155
2025,11,10,12,,2.08,1.94003
2025,11,10,13,,1.94,1.6109
2025,11,10,14,,1.25,1.07467
2025,11,10,15,,0.84,1.01763
2025,11,10,16,,0.95,0.88767
2025,11,10,17,,1.42,3.05323
2025,11,10,18,,1.91,3.97907
2025,11,10,19,,2.38,4.19123
2025,11,10,20,,2.62,3.54193
2025,11,10,21,,2.78,3.1991
2025,11,10,22,,3.0,3.12693
2025,11,10,23,,3.21,3.34467
2025,11,11,0,,3.36,3.1856
2025,11,11,1,,3.43,1.5539
2025,11,11,2,,3.52,0.95667
2025,11,11,3,,3.68,0.45793
2025,11,11,4,,3.79,1.0703
2025,11,11,5,,3.89,0.43103
2025,11,11,6,,4.43,0.4169
2025,11,11,7,,4.93,0.42443
2025,11,11,8,,4.93,0.4395
2025,11,11,9,,5.1,1.19927
2025,11,11,10,,5.11,1.5636
2025,11,11,11,,4.92,1.65793
2025,11,11,12,,4.33,1.7268
2025,11,11,13,,3.6,0.5882
2025,11,11,14,,2.57,0.3302
2025,11,11,15,,2.88,1.12747
2025,11,11,16,,3.25,0.8602
2025,11,11,17,,3.32,1.5106
2025,11,11,18,,3.66,1.98577
2025,11,11,19,,4.17,3.7612
2025,11,11,20,,4.72,3.29823
2025,11,11,21,,5.27,1.85147
2025,11,11,22,,5.9,0.69197
2025,11,11,23,,6.01,0.3629
2025,11,12,0,,5.65,0.31807
2025,11,12,1,,5.28,0.3229
2025,11,12,2,,4.83,0.8652
2025,11,12,3,,4.52,0.3069
2025,11,12,4,,4.16,0.315
2025,11,12,5,,4.29,0.31783
2025,11,12,6,,5.11,0.56197
2025,11,12,7,,5.62,3.03183
2025,11,12,8,,5.52,2.57507
2025,11,12,9,,5.14,1.84763
2025,11,12,10,,4.72,1.85457
2025,11,12,11,,4.5,1.35257
2025,11,12,12,,4.45,1.34893
2025,11,12,13,,4.34,1.3406
2025,11,12,14,,3.76,1.35687
2025,11,12,15,,3.55,1.35827
2025,11,12,16,,3.57,1.36257
2025,11,12,17,,3.45,1.40457
2025,11,12,18,,3.27,1.15863
2025,11,12,19,,3.04,3.17847
2025,11,12,20,,2.79,4.75983
2025,11,12,21,,2.69,2.55327
2025,11,12,22,,2.81,1.29407
2025,11,12,23,,2.99,1.15017
2025,11,13,0,,3.18,0.3737
2025,11,13,1,,3.3,0.29187
2025,11,13,2,,3.33,0.2988
2025,11,13,3,,3.2,0.3135
2025,11,13,4,,3.08,0.9745
2025,11,13,5,,3.0,0.3033
2025,11,13,6,,3.18,0.95623
2025,11,13,7,,3.14,2.42047
2025,11,13,8,,3.11,2.53727
2025,11,13,9,,3.5,0.80593
2025,11,13,10,,3.91,0.3307
2025,11,13,11,,4.09,0.33397
2025,11,13,12,,4.05,0.34577
2025,11,13,13,,3.98,1.57507
2025,11,13,14,,3.57,2.01
2025,11,13,15,,3.6,4.63867
2025,11,13,16,,3.71,3.218
2025,11,13,17,,3.57,3.21593
2025,11,13,18,,3.22,3.21397
2025,11,13,19,,2.73,2.308
2025,11,13,20,,2.42,2.82743
2025,11,13,21,,2.16,2.6124
2025,11,13,22,,2.07,0.6545
2025,11,13,23,,2.26,0.34667
2025,11,14,0,,2.47,0.33777
2025,11,14,1,,2.57,0.30707
2025,11,14,2,,2.55,0.2932
2025,11,14,3,,2.35,0.30903
2025,11,14,4,,1.96,0.27757
2025,11,14,5,,1.54,0.5176
2025,11,14,6,,1.31,1.1312
2025,11,14,7,,1.18,1.8918
2025,11,14,8,,1.13,2.27
2025,11,14,9,,1.32,1.4351
2025,11,14,10,,1.48,1.43463
2025,11,14,11,,1.66,1.69797
2025,11,14,12,,1.94,1.36757
2025,11,14,13,,2.32,1.65843
2025,11,14,14,,2.42,2.18753
2025,11,14,15,,2.96,1.54457
2025,11,14,16,,3.37,1.42093
2025,11,14,17,,3.64,1.5442
2025,11,14,18,,3.79,1.61993
2025,11,14,19,,3.79,2.37267
2025,11,14,20,,3.61,2.6945
2025,11,14,21,,3.46,2.24017
2025,11,14,22,,3.37,2.09283
2025,11,14,23,,3.27,1.48697
2025,11,15,0,,3.16,1.3832
2025,11,15,1,,3.06,0.36977
2025,11,15,2,,3.04,0.3086
2025,11,15,3,,2.9,0.27083
2025,11,15,4,,2.62,0.3007
2025,11,15,5,,2.34,0.28993
2025,11,15,6,,2.13,0.81707
2025,11,15,7,,1.73,2.0615
2025,11,15,8,,1.04,2.09107
2025,11,15,9,,0.7,1.35633
2025,11,15,10,,0.69,1.31687
2025,11,15,11,,1.02,1.2071
2025,11,15,12,,1.57,0.29973
2025,11,15,13,,2.12,0.2652
2025,11,15,14,,2.19,0.51447
2025,11,15,15,,2.58,0.4784
2025,11,15,16,,2.81,0.4028
2025,11,15,17,,2.98,0.31393
2025,11,15,18,,3.12,0.82777
2025,11,15,19,,3.24,3.09373
2025,11,15,20,,3.4,2.0821
2025,11,15,21,,3.54,2.6894
2025,11,15,22,,3.6,1.1946
2025,11,15,23,,3.67,0.93137
2025,11,16,0,,3.78,0.31903
2025,11,16,1,,3.96,0.27507
2025,11,16,2,,4.12,0.29957
2025,11,16,3,,4.23,0.2882
2025,11,16,4,,4.32,0.2917
2025,11,16,5,,4.39,0.28627
2025,11,16,6,,4.92,0.82653
2025,11,16,7,,5.77,2.7895
2025,11,16,8,,5.87,2.07567
2025,11,16,9,,5.77,1.5885
2025,11,16,10,,5.65,1.41373
2025,11,16,11,,5.4,1.62757
2025,11,16,12,,5.06,1.41203
2025,11,16,13,,4.59,3.7717
2025,11,16,14,,3.56,2.8027
2025,11,16,15,,3.72,2.7296
2025,11,16,16,,3.62,2.5121
2025,11,16,17,,3.59,2.47743
2025,11,16,18,,3.74,2.7812
2025,11,16,19,,4.0,1.84487
2025,11,16,20,,4.33,3.19863
2025,11,16,21,,4.49,1.4926
2025,11,16,22,,4.48,0.66347
2025,11,16,23,,4.48,0.72823
2025,11,17,0,,4.7,0.93837
2025,11,17,1,,5.05,0.2737
2025,11,17,2,,5.4,0.2887
2025,11,17,3,,5.7,0.29453
2025,11,17,4,,5.94,0.2612
2025,11,17,5,,6.13,0.31363
2025,11,17,6,,7.15,0.26997
2025,11,17,7,,8.31,0.53653
2025,11,17,8,,9.18,1.97357
2025,11,17,9,,9.58,1.42577
2025,11,17,10,,9.22,1.4114
2025,11,17,11,,8.79,1.8255
2025,11,17,12,,8.33,1.80727
2025,11,17,13,,7.3,1.8611
2025,11,17,14,,5.38,3.1913
2025,11,17,15,,5.18,2.22333
2025,11,17,16,,5.46,1.97867
2025,11,17,17,,5.69,1.83243
2025,11,17,18,,5.79,4.91237
2025,11,17,19,,5.88,4.31027
2025,11,17,20,,5.9,3.47747
2025,11,17,21,,5.86,2.84723
2025,11,17,22,,5.85,2.24713
2025,11,17,23,,5.95,3.00013
2025,11,18,0,,6.06,3.26587
2025,11,18,1,,6.12,1.37503
2025,11,18,2,,6.11,0.89157
2025,11,18,3,,6.31,0.34517
2025,11,18,4,,6.6,0.3023
2025,11,18,5,,6.75,0.3122
2025,11,18,6,,7.86,0.3285
2025,11,18,7,,9.24,0.31473
2025,11,18,8,,10.29,1.12123
2025,11,18,9,,10.87,0.4961
2025,11,18,10,,11.04,1.67077
2025,11,18,11,,10.61,2.4254
2025,11,18,12,,9.33,2.2949
2025,11,18,13,,7.53,0.64037
2025,11,18,14,,6.14,1.04173
2025,11,18,15,,5.74,0.36047
2025,11,18,16,,5.6,1.93377
2025,11,18,17,,5.63,1.9223
2025,11,18,18,,5.59,2.5912
2025,11,18,19,,5.59,3.69633
2025,11,18,20,,5.58,4.21637
2025,11,18,21,,5.65,2.9707
2025,11,18,22,,5.69,1.52777
2025,11,18,23,,5.63,0.35287
2025,11,19,0,,5.6,0.31243
2025,11,19,1,,5.55,0.2661
2025,11,19,2,,5.51,0.31637
2025,11,19,3,,5.54,0.2734
2025,11,19,4,,5.41,0.3018
2025,11,19,5,,5.2,0.2814
2025,11,19,6,,5.54,1.08663
2025,11,19,7,,6.22,2.2573
2025,11,19,8,,6.89,1.43267
2025,11,19,9,,7.15,1.33343
2025,11,19,10,,7.0,1.32293
2025,11,19,11,,6.45,1.35293
2025,11,19,12,,5.2,1.347
2025,11,19,13,,3.21,1.3462
2025,11,19,14,,2.8,0.5512
2025,11,19,15,,2.92,0.30493
2025,11,19,16,,3.1,0.272
2025,11,19,17,,3.48,0.9028
2025,11,19,18,,3.92,2.03797
2025,11,19,19,,4.36,3.38693
2025,11,19,20,,4.67,3.81583
2025,11,19,21,,4.73,2.73647
2025,11,19,22,,4.58,1.20173
2025,11,19,23,,4.36,0.2871
2025,11,20,0,,4.33,0.86753
2025,11,20,1,,4.42,0.29307
2025,11,20,2,,4.56,0.28333
2025,11,20,3,,4.74,0.29
2025,11,20,4,,4.97,0.28503
2025,11,20,5,,5.15,0.28247
2025,11,20,6,,5.75,1.13187
2025,11,20,7,,6.35,2.63817
2025,11,20,8,,6.59,2.22737
2025,11,20,9,,7.01,1.37977
2025,11,20,10,,7.0,2.05063
2025,11,20,11,,6.63,3.35863
2025,11,20,12,,6.07,1.45457
2025,11,20,13,,4.78,1.41453
2025,11,20,14,,3.46,1.4655
2025,11,20,15,,3.57,2.20313
2025,11,20,16,,3.53,0.3546
2025,11,20,17,,3.53,0.91817
2025,11,20,18,,3.62,1.31637
2025,11,20,19,,3.82,1.5276
2025,11,20,20,,3.99,3.2057
2025,11,20,21,,4.19,2.35627
2025,11,20,22,,4.3,2.22153
2025,11,20,23,,4.3,1.4051
2025,11,21,0,,4.31,0.3201
2025,11,21,1,,4.32,0.31217
2025,11,21,2,,4.39,0.34653
2025,11,21,3,,4.64,0.29377
2025,11,21,4,,5.0,0.3117
2025,11,21,5,,5.25,0.3194
2025,11,21,6,,6.02,0.89237
2025,11,21,7,,6.07,1.77187
2025,11,21,8,,5.73,2.00773
2025,11,21,9,,5.96,2.06163
2025,11,21,10,,5.67,1.84727
2025,11,21,11,,5.3,0.5445
2025,11,21,12,,4.7,1.20197
2025,11,21,13,,3.56,0.46657
2025,11,21,14,,2.63,0.3295
2025,11,21,15,,2.43,0.3422
2025,11,21,16,,2.03,0.9095
2025,11,21,17,,1.78,1.31853
2025,11,21,18,,2.04,1.8622
2025,11,21,19,,2.63,2.0124
2025,11,21,20,,3.17,3.08053
2025,11,21,21,,3.36,2.89586
2025,11,21,22,,3.42,2.68313
2025,11,21,23,,3.66,1.1141
2025,11,22,0,,3.92,0.314
2025,11,22,1,,4.05,0.28053
2025,11,22,2,,4.14,0.27197
2025,11,22,3,,4.15,0.31483
2025,11,22,4,,3.73,0.2617
2025,11,22,5,,3.58,0.2831
2025,11,22,6,,3.6,0.78497
2025,11,22,7,,4.56,2.3688
2025,11,22,8,,4.55,1.2895
2025,11,22,9,,4.25,0.59743
2025,11,22,10,,4.46,1.3747
2025,11,22,11,,4.66,1.32333
2025,11,22,12,,4.52,1.3509
2025,11,22,13,,3.35,1.41573
2025,11,22,14,,2.75,1.15733
2025,11,22,15,,2.92,0.56357
2025,11,22,16,,3.06,0.57157
2025,11,22,17,,3.03,0.88433
2025,11,22,18,,2.92,2.2059
2025,11,22,19,,2.77,4.58307
2025,11,22,20,,2.68,3.8522
2025,11,22,21,,2.7,2.63097
2025,11,22,22,,2.79,2.55693
2025,11,22,23,,2.95,0.96893
2025,11,23,0,,3.17,0.2801
2025,11,23,1,,3.39,0.30437
2025,11,23,2,,3.6,0.2728
2025,11,23,3,,3.71,0.31383
2025,11,23,4,,3.86,0.28273
2025,11,23,5,,3.99,0.30557
2025,11,23,6,,3.98,2.38493
2025,11,23,7,,4.73,2.50407
2025,11,23,8,,5.33,1.7871
2025,11,23,9,,5.55,1.34007
2025,11,23,10,,5.48,1.33933
2025,11,23,11,,5.27,1.72383
2025,11,23,12,,4.87,4.1297
2025,11,23,13,,3.91,3.45077
2025,11,23,14,,4.06,2.34317
2025,11,23,15,,5.08,1.42807
2025,11,23,16,,5.26,1.35747
2025,11,23,17,,4.25,0.83277
2025,11,23,18,,3.41,1.01627
2025,11,23,19,,3.01,2.56623
2025,11,23,20,,2.98,2.06633
2025,11,23,21,,3.1,3.51763
2025,11,23,22,,3.18,4.40163
2025,11,23,23,,3.26,2.09487
2025,11,24,0,,3.17,1.79373
2025,11,24,1,,2.91,0.9447
2025,11,24,2,,2.41,0.70133
2025,11,24,3,,2.18,0.32903
2025,11,24,4,,2.83,0.29393
2025,11,24,5,,4.09,0.31457
2025,11,24,6,,5.21,0.3285
2025,11,24,7,,5.09,0.3192
2025,11,24,8,,4.5,1.97307
2025,11,24,9,,3.54,2.07763
2025,11,24,10,,2.49,1.4284
2025,11,24,11,,1.53,3.77997
2025,11,24,12,,1.1,2.82363
2025,11,24,13,,1.19,2.32353
2025,11,24,14,,1.27,1.48837
2025,11,24,15,,1.48,1.92933
2025,11,24,16,,1.56,1.3914
2025,11,24,17,,1.48,1.3418
2025,11,24,18,,1.32,1.366
2025,11,24,19,,1.19,0.74463
2025,11,24,20,,1.15,1.17237
2025,11,24,21,,1.24,1.98873
2025,11,24,22,,1.38,0.50157
2025,11,24,23,,1.52,0.29547
2025,11,25,0,,1.58,0.2933
2025,11,25,1,,1.81,0.2956
2025,11,25,2,,2.22,0.30677
2025,11,25,3,,2.54,0.2731
2025,11,25,4,,2.75,0.31657
2025,11,25,5,,3.09,0.26803
2025,11,25,6,,3.48,0.8349
2025,11,25,7,,4.39,0.55497
2025,11,25,8,,4.64,0.27233
2025,11,25,9,,4.87,0.65407
2025,11,25,10,,5.0,0.58127
2025,11,25,11,,5.09,0.47763
2025,11,25,12,,5.08,2.31933
2025,11,25,13,,4.76,1.63133
2025,11,25,14,,3.59,1.3794
2025,11,25,15,,3.43,1.07983
2025,11,25,16,,3.51,0.29863
2025,11,25,17,,3.85,0.28727
2025,11,25,18,,4.19,1.32327
2025,11,25,19,,4.32,3.1197
2025,11,25,20,,4.33,3.75123
2025,11,25,21,,4.32,1.60763
2025,11,25,22,,4.38,1.0445
2025,11,25,23,,4.49,0.2893
2025,11,26,0,,4.75,0.30677
2025,11,26,1,,5.05,0.26743
2025,11,26,2,,5.24,0.3072
2025,11,26,3,,5.42,0.31137
2025,11,26,4,,5.67,0.91683
2025,11,26,5,,5.95,0.2759
2025,11,26,6,,6.47,0.4593
2025,11,26,7,,7.26,2.50237
2025,11,26,8,,8.05,1.62313
2025,11,26,9,,8.03,1.5253
2025,11,26,10,,8.17,1.53993
2025,11,26,11,,8.16,0.66093
2025,11,26,12,,7.87,1.7014
2025,11,26,13,,6.91,1.44037
2025,11,26,14,,5.33,0.55303
2025,11,26,15,,5.12,0.3227
2025,11,26,16,,5.03,0.26747
2025,11,26,17,,4.94,0.43277
2025,11,26,18,,4.78,0.8298
2025,11,26,19,,4.38,2.85163
2025,11,26,20,,4.22,3.27077
2025,11,26,21,,4.17,1.93437
2025,11,26,22,,4.1,1.56327
2025,11,26,23,,4.13,0.2979
2025,11,27,0,,4.2,0.86593
2025,11,27,1,,4.24,0.2864
2025,11,27,2,,4.21,0.30237
2025,11,27,3,,4.22,0.28433
2025,11,27,4,,4.35,0.28987
2025,11,27,5,,4.5,0.28927
2025,11,27,6,,4.67,1.78333
2025,11,27,7,,5.17,2.9497
2025,11,27,8,,5.4,2.9461
2025,11,27,9,,5.44,1.62717
2025,11,27,10,,5.6,4.0636
2025,11,27,11,,5.32,4.31097
2025,11,27,12,,4.68,2.98983
2025,11,27,13,,3.42,3.46487
2025,11,27,14,,2.19,2.25753
2025,11,27,15,,1.93,1.44563
2025,11,27,16,,1.82,1.44593
2025,11,27,17,,1.91,1.08823
2025,11,27,18,,2.12,2.34503
2025,11,27,19,,2.33,2.23113
2025,11,27,20,,2.56,2.51283
2025,11,27,21,,2.94,1.93607
2025,11,27,22,,3.4,3.39893
2025,11,27,23,,3.78,1.56847
2025,11,28,0,,3.99,0.5081
2025,11,28,1,,4.03,0.36917
2025,11,28,2,,3.87,0.35077
2025,11,28,3,,3.51,0.36517
2025,11,28,4,,3.41,0.34893
2025,11,28,5,,3.5,0.3628
2025,11,28,6,,3.5,0.99803
2025,11,28,7,,3.38,2.79497
2025,11,28,8,,2.97,1.6949
2025,11,28,9,,2.67,2.0929
2025,11,28,10,,2.18,1.98947
2025,11,28,11,,1.91,1.40433
2025,11,28,12,,2.13,0.71157
2025,11,28,13,,2.59,0.39397
2025,11,28,14,,3.48,0.36637
2025,11,28,15,,4.06,0.39147
2025,11,28,16,,4.09,0.3452
2025,11,28,17,,3.8,1.06117
2025,11,28,18,,3.39,1.91063
2025,11,28,19,,2.97,2.10163
2025,11,28,20,,2.5,2.5258
2025,11,28,21,,2.36,2.61707
2025,11,28,22,,2.26,1.38747
2025,11,28,23,,2.13,0.3238
2025,11,29,0,,2.02,0.29493
2025,11,29,1,,2.11,0.28523
2025,11,29,2,,2.55,0.30058
2025,11,29,3,,3.06,0.28567
2025,11,29,4,,3.45,0.2819
2025,11,29,5,,3.8,0.53203
2025,11,29,6,,4.62,0.70843
2025,11,29,7,,5.42,2.91127
2025,11,29,8,,5.58,2.86543
2025,11,29,9,,5.39,2.17453
2025,11,29,10,,5.45,1.61977
2025,11,29,11,,5.85,1.58937
2025,11,29,12,,6.56,1.48667
2025,11,29,13,,6.0,1.2989
2025,11,29,14,,4.68,0.47497
2025,11,29,15,,4.86,0.2821
2025,11,29,16,,4.3,0.30893
2025,11,29,17,,4.41,0.7284
2025,11,29,18,,4.24,1.1169
2025,11,29,19,,4.31,1.642
2025,11,29,20,,4.92,2.46423
2025,11,29,21,,6.0,3.17903
2025,11,29,22,,4.8,1.25933
2025,11,29,23,,3.9,0.56823
2025,11,30,0,,3.68,0.49813
2025,11,30,1,,3.61,1.2589
2025,11,30,2,,3.58,0.4625
2025,11,30,3,,3.46,0.4552
2025,11,30,4,,3.29,0.45677
2025,11,30,5,,3.15,0.44517
2025,11,30,6,,3.36,1.49517
2025,11,30,7,,3.25,2.23833
2025,11,30,8,,2.79,2.3092
2025,11,30,9,,2.56,1.96827
2025,11,30,10,,2.56,1.69997
2025,11,30,11,,2.61,1.60633
2025,11,30,12,,2.68,2.70147
2025,11,30,13,,2.56,4.56323
2025,11,30,14,,2.08,3.09067
2025,11,30,15,,1.97,2.7311
2025,11,30,16,,1.92,1.46717
2025,11,30,17,,2.13,0.58943
2025,11,30,18,,2.41,2.47767
2025,11,30,19,,2.61,1.91857
2025,11,30,20,,2.72,2.30923
2025,11,30,21,,2.75,0.96893
2025,11,30,22,,2.63,0.7934
2025,11,30,23,,2.27,0.35733
2025,12,1,0,,1.96,0.43993
2025,12,1,1,,1.75,0.39253
2025,12,1,2,,1.62,0.27303
2025,12,1,3,,1.7,0.33687
2025,12,1,4,,1.81,0.90337
2025,12,1,5,,1.85,0.26893
2025,12,1,6,,2.23,0.30917
2025,12,1,7,,2.3,1.3852
2025,12,1,8,,2.35,2.25103
2025,12,1,9,,2.22,1.94523
2025,12,1,10,,1.86,3.00667
2025,12,1,11,,1.77,3.1564
2025,12,1,12,,1.57,2.7982
2025,12,1,13,,1.21,2.7507
2025,12,1,14,,0.7,1.91597
2025,12,1,15,,0.31,2.46093
2025,12,1,16,,0.01,1.64673
2025,12,1,17,,0.3,3.66987
2025,12,1,18,,0.61,4.20993
2025,12,1,19,,0.88,2.9485
2025,12,1,20,,1.07,3.62093
2025,12,1,21,,1.16,5.13957
2025,12,1,22,,1.23,3.66953
2025,12,1,23,,1.34,2.7498
2025,12,2,0,,1.41,1.84097
2025,12,2,1,,1.44,2.55913
2025,12,2,2,,1.43,2.08097
2025,12,2,3,,1.35,1.3126
2025,12,2,4,,1.17,1.13853
2025,12,2,5,,0.96,1.15607
2025,12,2,6,,0.91,0.57703
2025,12,2,7,,1.08,0.2464
2025,12,2,8,,1.38,1.04823
2025,12,2,9,,1.61,0.88933
2025,12,2,10,,1.58,0.89407
2025,12,2,11,,1.26,1.9325
2025,12,2,12,,0.74,3.0761
2025,12,2,13,,0.11,3.6045
2025,12,2,14,,0.58,3.81027
2025,12,2,15,,1.22,4.41017
2025,12,2,16,,1.83,4.1104
2025,12,2,17,,2.38,2.03363
2025,12,2,18,,2.74,2.36193
2025,12,2,19,,2.92,2.78523
2025,12,2,20,,2.95,2.13503
2025,12,2,21,,2.82,3.42033
2025,12,2,22,,2.56,1.19647
2025,12,2,23,,2.29,0.48323
2025,12,3,0,,2.16,0.4786
2025,12,3,1,,2.08,0.4561
2025,12,3,2,,2.03,0.46947
2025,12,3,3,,2.06,0.48883
2025,12,3,4,,2.04,0.43433
2025,12,3,5,,1.95,1.11327
2025,12,3,6,,1.71,1.6696
2025,12,3,7,,1.73,2.05943
2025,12,3,8,,1.53,2.0912
2025,12,3,9,,1.32,1.876
2025,12,3,10,,1.08,1.35737
2025,12,3,11,,0.63,1.35433
2025,12,3,12,,0.6,0.86163
2025,12,3,13,,1.55,0.288
2025,12,3,14,,2.48,0.3027
2025,12,3,15,,3.39,0.29123
2025,12,3,16,,3.88,0.3103
2025,12,3,17,,4.2,0.70673
2025,12,3,18,,4.26,1.45173
2025,12,3,19,,4.13,3.16173
2025,12,3,20,,3.99,2.83887
2025,12,3,21,,3.77,1.94813
2025,12,3,22,,3.49,1.932
2025,12,3,23,,3.29,1.42607
2025,12,4,0,,3.25,1.28243
2025,12,4,1,,3.26,0.2849
2025,12,4,2,,3.32,0.30317
2025,12,4,3,,3.5,0.27913
2025,12,4,4,,3.68,0.29947
2025,12,4,5,,3.71,0.29257
2025,12,4,6,,3.47,1.59703
2025,12,4,7,,3.84,2.44183
2025,12,4,8,,3.58,1.44543
2025,12,4,9,,3.24,0.70117
2025,12,4,10,,3.22,0.3024
2025,12,4,11,,3.34,1.7451
2025,12,4,12,,3.47,4.05403
2025,12,4,13,,3.43,3.14587
2025,12,4,14,,3.65,1.40073
2025,12,4,15,,4.07,0.73617
2025,12,4,16,,4.18,0.37613
2025,12,4,17,,4.21,0.46817
2025,12,4,18,,4.15,1.57763
2025,12,4,19,,4.06,1.6923
2025,12,4,20,,3.93,2.4918
2025,12,4,21,,3.67,5.06607
2025,12,4,22,,3.39,1.76827
2025,12,4,23,,3.27,0.7088
2025,12,5,0,,3.26,0.5198
2025,12,5,1,,3.27,0.4735
2025,12,5,2,,3.33,0.47193
2025,12,5,3,,3.59,0.46267
2025,12,5,4,,3.85,0.47007
2025,12,5,5,,3.72,1.0409
2025,12,5,6,,3.91,1.5184
2025,12,5,7,,4.74,2.29097
2025,12,5,8,,5.21,1.68143
2025,12,5,9,,5.15,1.33953
2025,12,5,10,,4.76,1.4016
2025,12,5,11,,4.43,3.04583
2025,12,5,12,,4.57,2.2151
2025,12,5,13,,5.28,1.44607
2025,12,5,14,,6.13,1.44573
2025,12,5,15,,7.14,0.49453
2025,12,5,16,,7.1,0.57587
2025,12,5,17,,6.12,0.71763
2025,12,5,18,,5.91,1.9607
2025,12,5,19,,5.77,4.28263
2025,12,5,20,,5.01,2.92
2025,12,5,21,,3.78,3.44047
2025,12,5,22,,3.96,1.17313
2025,12,5,23,,4.21,0.49683
2025,12,6,0,,4.28,0.49943
2025,12,6,1,,4.17,0.4465
2025,12,6,2,,4.04,0.4996
2025,12,6,3,,3.65,0.46473
2025,12,6,4,,3.08,0.45547
2025,12,6,5,,3.14,0.5468
2025,12,6,6,,3.22,2.0744
2025,12,6,7,,3.45,2.25817
2025,12,6,8,,2.95,2.78293
2025,12,6,9,,2.73,2.25987
2025,12,6,10,,3.21,1.71997
2025,12,6,11,,3.97,1.57427
2025,12,6,12,,4.06,1.52857
2025,12,6,13,,4.36,1.49917
2025,12,6,14,,4.91,1.67503
2025,12,6,15,,5.62,0.86277
2025,12,6,16,,6.07,0.26967
2025,12,6,17,,6.17,1.70883
2025,12,6,18,,6.21,1.7647
2025,12,6,19,,5.69,2.56987
2025,12,6,20,,4.99,4.73903
2025,12,6,21,,4.52,2.9352
2025,12,6,22,,4.38,3.642
2025,12,6,23,,4.21,2.6886
2025,12,7,0,,3.99,0.98443
2025,12,7,1,,3.6,0.7202
2025,12,7,2,,3.13,0.58003
2025,12,7,3,,3.29,0.32643
2025,12,7,4,,3.97,0.29217
2025,12,7,5,,4.77,0.29063
2025,12,7,6,,5.43,0.59983
2025,12,7,7,,5.88,2.34467
2025,12,7,8,,5.89,2.15183
2025,12,7,9,,5.89,1.38827
2025,12,7,10,,6.54,1.3369
2025,12,7,11,,7.48,1.35917
2025,12,7,12,,8.49,2.53723
2025,12,7,13,,8.94,3.49487
2025,12,7,14,,9.2,2.31133
2025,12,7,15,,9.47,1.27277
2025,12,7,16,,9.27,0.8627
2025,12,7,17,,9.19,1.68057
2025,12,7,18,,9.17,1.30033
2025,12,7,19,,8.95,1.30197
2025,12,7,20,,8.61,0.70243
2025,12,7,21,,8.23,0.3076
2025,12,7,22,,7.93,0.4087
2025,12,7,23,,7.94,0.92853
2025,12,8,0,,7.96,0.35857
2025,12,8,1,,8.42,0.2704
2025,12,8,2,,8.6,0.32257
2025,12,8,3,,8.56,0.90187
2025,12,8,4,,8.19,0.28157
2025,12,8,5,,7.58,0.30357
2025,12,8,6,,7.76,0.28587
2025,12,8,7,,7.81,1.19413
2025,12,8,8,,7.36,2.63103
2025,12,8,9,,6.96,1.96173
2025,12,8,10,,6.68,1.78917
2025,12,8,11,,6.52,1.804
2025,12,8,12,,6.47,2.0256
2025,12,8,13,,6.47,0.85687
2025,12,8,14,,5.73,0.74663
2025,12,8,15,,5.32,2.29333
2025,12,8,16,,5.07,1.364
2025,12,8,17,,4.86,1.3081
2025,12,8,18,,4.79,3.89537
2025,12,8,19,,4.74,3.34503
2025,12,8,20,,4.67,5.21293
2025,12,8,21,,4.5,1.60357
2025,12,8,22,,4.32,1.47637
2025,12,8,23,,4.29,0.6578
2025,12,9,0,,4.41,0.40097
2025,12,9,1,,4.76,0.36497
2025,12,9,2,,4.9,0.5915
2025,12,9,3,,4.85,0.3066
2025,12,9,4,,4.72,0.28097
2025,12,9,5,,4.61,0.31547
2025,12,9,6,,4.97,0.2935
2025,12,9,7,,5.94,0.87087
2025,12,9,8,,5.95,0.75797
2025,12,9,9,,5.82,0.4075
2025,12,9,10,,5.64,0.88107
2025,12,9,11,,5.34,2.0378
2025,12,9,12,,5.51,0.59847
2025,12,9,13,,5.5,1.7124
2025,12,9,14,,4.63,2.39347
2025,12,9,15,,4.75,2.00243
2025,12,9,16,,4.82,4.8082
2025,12,9,17,,4.65,3.89817
2025,12,9,18,,4.31,4.20513
2025,12,9,19,,3.88,4.61113
2025,12,9,20,,3.47,3.64977
2025,12,9,21,,2.95,1.60003
2025,12,9,22,,2.37,0.62787
2025,12,9,23,,1.92,0.2935
2025,12,10,0,,1.7,0.29347
2025,12,10,1,,1.7,0.29527
2025,12,10,2,,1.79,0.28493
2025,12,10,3,,1.78,0.30953
2025,12,10,4,,1.79,0.74363
2025,12,10,5,,1.89,0.30697
2025,12,10,6,,2.21,0.80237
2025,12,10,7,,2.52,3.21627
2025,12,10,8,,2.33,1.8122
2025,12,10,9,,2.41,1.52013
2025,12,10,10,,2.31,1.52213
2025,12,10,11,,2.19,1.5229
2025,12,10,12,,2.26,1.03267
2025,12,10,13,,2.09,0.46653
2025,12,10,14,,1.96,0.45417
2025,12,10,15,,1.92,0.4697
2025,12,10,16,,1.92,0.45537
2025,12,10,17,,2.07,1.40643
2025,12,10,18,,2.2,3.15403
2025,12,10,19,,2.23,2.29883
2025,12,10,20,,2.36,2.58457
2025,12,10,21,,2.66,3.06453
2025,12,10,22,,3.01,0.89383
2025,12,10,23,,3.31,0.4021
2025,12,11,0,,3.52,0.28617
2025,12,11,1,,3.71,0.29607
2025,12,11,2,,3.89,0.26247
2025,12,11,3,,3.96,0.31847
2025,12,11,4,,3.89,0.88127
2025,12,11,5,,3.76,0.27743
2025,12,11,6,,3.55,0.61603
2025,12,11,7,,3.97,1.5146
2025,12,11,8,,3.81,2.45547
2025,12,11,9,,3.59,1.5103
2025,12,11,10,,3.54,1.5032
2025,12,11,11,,3.67,1.50823
2025,12,11,12,,3.83,1.4932
2025,12,11,13,,3.73,3.24007
2025,12,11,14,,3.12,2.92237
2025,12,11,15,,3.2,1.61817
2025,12,11,16,,3.03,2.1096
2025,12,11,17,,2.73,2.3598
2025,12,11,18,,2.36,2.3766
2025,12,11,19,,2.01,2.66227
2025,12,11,20,,1.71,3.0293
2025,12,11,21,,1.56,2.59043
2025,12,11,22,,1.46,1.83227
2025,12,11,23,,1.36,0.75463
2025,12,12,0,,1.17,0.26843
2025,12,12,1,,0.87,0.2906
2025,12,12,2,,0.63,0.2684
2025,12,12,3,,0.5,0.28993
2025,12,12,4,,0.42,0.27157
2025,12,12,5,,0.37,0.27753
2025,12,12,6,,0.43,0.966
2025,12,12,7,,0.95,2.44977
2025,12,12,8,,1.51,1.70257
2025,12,12,9,,1.9,1.59557
2025,12,12,10,,2.04,1.2696
2025,12,12,11,,1.95,0.53013
2025,12,12,12,,1.77,0.54903
2025,12,12,13,,1.61,0.66113
2025,12,12,14,,1.68,1.0293
2025,12,12,15,,2.33,1.09717
2025,12,12,16,,3.14,1.5447
2025,12,12,17,,3.92,0.8858
2025,12,12,18,,4.57,2.40697
2025,12,12,19,,4.36,2.9594
2025,12,12,20,,3.9,1.89683
2025,12,12,21,,3.55,2.0601
2025,12,12,22,,3.52,0.91777
2025,12,12,23,,3.67,0.2794
2025,12,13,0,,4.1,0.32483
2025,12,13,1,,4.48,0.2578
2025,12,13,2,,4.76,0.3018
2025,12,13,3,,5.09,0.28933
2025,12,13,4,,5.33,0.27853
2025,12,13,5,,5.36,0.74207
2025,12,13,6,,5.7,0.61657
2025,12,13,7,,5.94,1.77087
2025,12,13,8,,5.83,2.42407
2025,12,13,9,,5.78,1.95943
2025,12,13,10,,5.74,1.4338
2025,12,13,11,,5.72,1.53413
2025,12,13,12,,5.75,1.50637
2025,12,13,13,,5.69,1.56863
2025,12,13,14,,4.97,0.48903
2025,12,13,15,,4.93,0.57403
2025,12,13,16,,5.0,0.49427
2025,12,13,17,,5.08,1.1408
2025,12,13,18,,5.0,1.93313
2025,12,13,19,,4.92,2.6706
2025,12,13,20,,4.84,4.14263
2025,12,13,21,,4.52,2.7003
2025,12,13,22,,4.26,1.13897
2025,12,13,23,,4.02,0.50377
2025,12,14,0,,3.83,0.33257
2025,12,14,1,,3.64,0.29697
2025,12,14,2,,3.57,0.30607
2025,12,14,3,,3.39,0.2805
2025,12,14,4,,3.19,0.45127
2025,12,14,5,,3.03,0.81263
2025,12,14,6,,2.89,0.81173
2025,12,14,7,,3.22,2.63053
2025,12,14,8,,3.07,2.04183
2025,12,14,9,,2.92,1.35763
2025,12,14,10,,3.02,1.3516
2025,12,14,11,,3.13,1.31763
2025,12,14,12,,3.06,4.4303
2025,12,14,13,,2.77,3.42437
2025,12,14,14,,2.32,1.8256
2025,12,14,15,,2.47,1.685
2025,12,14,16,,2.8,1.60373
2025,12,14,17,,3.12,1.5234
2025,12,14,18,,3.24,1.78123
2025,12,14,19,,3.28,1.68847
2025,12,14,20,,3.36,1.05817
2025,12,14,21,,3.56,0.5472
2025,12,14,22,,4.0,0.66017
2025,12,14,23,,4.5,0.69487
2025,12,15,0,,4.88,0.94617
2025,12,15,1,,5.04,0.88647
2025,12,15,2,,5.04,0.27863
2025,12,15,3,,5.12,0.30027
2025,12,15,4,,5.39,0.28003
2025,12,15,5,,5.68,0.2869
2025,12,15,6,,6.22,0.29297
2025,12,15,7,,6.73,1.4953
2025,12,15,8,,7.35,2.7791
2025,12,15,9,,7.57,1.47557
2025,12,15,10,,7.31,2.84283
2025,12,15,11,,6.87,3.249
2025,12,15,12,,6.19,1.48587
2025,12,15,13,,5.26,1.21683
2025,12,15,14,,3.99,2.93703
2025,12,15,15,,3.91,1.44497
2025,12,15,16,,3.7,2.3434
2025,12,15,17,,3.4,4.33307
2025,12,15,18,,3.03,4.06663
2025,12,15,19,,2.44,3.20007
2025,12,15,20,,1.86,3.5468
2025,12,15,21,,1.3,2.4743
2025,12,15,22,,1.07,1.66587
2025,12,15,23,,1.15,1.78653
2025,12,16,0,,1.2,1.1169
2025,12,16,1,,1.19,1.10307
2025,12,16,2,,1.2,1.1236
2025,12,16,3,,1.37,1.23557
2025,12,16,4,,1.57,1.8691
2025,12,16,5,,1.76,1.13
2025,12,16,6,,2.07,0.93597
2025,12,16,7,,2.3,0.87273
2025,12,16,8,,2.03,1.2493
2025,12,16,9,,1.74,1.2794
2025,12,16,10,,1.53,3.28097
2025,12,16,11,,1.61,2.1428
2025,12,16,12,,1.97,4.56163
2025,12,16,13,,2.47,2.83977
2025,12,16,14,,2.95,2.467
2025,12,16,15,,3.57,2.44157
2025,12,16,16,,3.86,1.63493
2025,12,16,17,,3.92,2.47497
2025,12,16,18,,3.79,2.62663
2025,12,16,19,,3.6,2.8342
2025,12,16,20,,3.5,3.76717
2025,12,16,21,,3.6,2.36123
2025,12,16,22,,3.76,0.41467
2025,12,16,23,,3.93,0.2738
2025,12,17,0,,4.03,0.28693
2025,12,17,1,,4.06,0.26707
2025,12,17,2,,4.04,0.28187
2025,12,17,3,,3.97,0.27397
2025,12,17,4,,3.9,0.27413
2025,12,17,5,,3.82,0.44457
2025,12,17,6,,3.5,1.30027
2025,12,17,7,,4.09,2.9821
2025,12,17,8,,4.09,1.94133
2025,12,17,9,,4.22,1.33423
2025,12,17,10,,4.14,1.3287
2025,12,17,11,,3.82,1.31777
2025,12,17,12,,3.26,1.3778
2025,12,17,13,,2.44,1.3351
2025,12,17,14,,2.83,0.4971
2025,12,17,15,,3.45,0.31733
2025,12,17,16,,3.87,0.25943
2025,12,17,17,,4.07,0.46623
2025,12,17,18,,4.0,2.48447
2025,12,17,19,,3.64,3.5401
2025,12,17,20,,3.0,4.011
2025,12,17,21,,2.3,2.41873
2025,12,17,22,,1.78,0.94237
2025,12,17,23,,1.65,0.2842
2025,12,18,0,,1.68,0.65227
2025,12,18,1,,1.43,0.53447
2025,12,18,2,,1.33,0.27783
2025,12,18,3,,1.61,0.27237
2025,12,18,4,,1.47,0.27097
2025,12,18,5,,0.78,0.28187
2025,12,18,6,,0.67,0.74587
2025,12,18,7,,1.26,2.4601
2025,12,18,8,,1.79,2.23087
2025,12,18,9,,2.26,1.96427
2025,12,18,10,,2.35,1.39783
2025,12,18,11,,2.02,2.21083
2025,12,18,12,,1.6,4.51457
2025,12,18,13,,1.3,3.4426
2025,12,18,14,,1.44,3.48297
2025,12,18,15,,1.51,2.3233
2025,12,18,16,,1.56,0.55453
2025,12,18,17,,1.71,1.2705
2025,12,18,18,,1.92,2.76053
2025,12,18,19,,2.07,2.37773
2025,12,18,20,,2.21,2.55633
2025,12,18,21,,2.26,3.92927
2025,12,18,22,,2.09,1.6583
2025,12,18,23,,1.67,1.54973
2025,12,19,0,,1.12,1.14197
2025,12,19,1,,0.6,0.27073
2025,12,19,2,,0.47,0.2727
2025,12,19,3,,0.84,0.27673
2025,12,19,4,,1.25,0.2812
2025,12,19,5,,1.43,0.2647
2025,12,19,6,,1.47,1.03887
2025,12,19,7,,1.74,2.80247
2025,12,19,8,,1.55,2.33783
2025,12,19,9,,1.49,1.43677
2025,12,19,10,,1.86,1.33907
2025,12,19,11,,2.44,1.60147
2025,12,19,12,,3.01,1.8706
2025,12,19,13,,3.01,1.70417
2025,12,19,14,,3.21,1.7451
2025,12,19,15,,3.82,1.5946
2025,12,19,16,,4.13,0.49783
2025,12,19,17,,4.16,1.9943
2025,12,19,18,,4.05,2.44103
2025,12,19,19,,3.87,2.83197
2025,12,19,20,,3.71,2.62007
2025,12,19,21,,3.54,3.6346
2025,12,19,22,,3.42,1.95687
2025,12,19,23,,3.46,0.64523
2025,12,20,0,,3.51,0.9104
2025,12,20,1,,3.53,0.352
2025,12,20,2,,3.51,0.29627
2025,12,20,3,,3.54,0.2776
2025,12,20,4,,3.79,0.27593
2025,12,20,5,,4.02,0.2955
2025,12,20,6,,4.29,1.0713
2025,12,20,7,,5.24,1.01763
2025,12,20,8,,5.33,2.05283
2025,12,20,9,,5.3,1.39077
2025,12,20,10,,5.37,1.3682
2025,12,20,11,,5.6,1.46843
2025,12,20,12,,5.79,1.95167
2025,12,20,13,,5.56,2.1004
2025,12,20,14,,4.91,2.19797
2025,12,20,15,,5.05,1.72323
2025,12,20,16,,4.92,1.51387
2025,12,20,17,,4.58,1.9087
2025,12,20,18,,4.3,2.02947
2025,12,20,19,,4.0,2.67617
2025,12,20,20,,3.64,2.9681
2025,12,20,21,,3.32,1.65493
2025,12,20,22,,3.12,0.69547
2025,12,20,23,,3.0,0.29913
2025,12,21,0,,2.79,0.28843
2025,12,21,1,,2.62,0.3044
2025,12,21,2,,2.66,0.292
2025,12,21,3,,2.86,0.44713
2025,12,21,4,,2.94,0.80077
2025,12,21,5,,2.73,0.2624
2025,12,21,6,,2.34,1.1584
2025,12,21,7,,2.37,2.14903
2025,12,21,8,,2.46,2.86377
2025,12,21,9,,2.9,1.4595
2025,12,21,10,,3.23,1.86363
2025,12,21,11,,3.37,1.3374
2025,12,21,12,,3.39,1.3454
2025,12,21,13,,3.02,1.5009
2025,12,21,14,,3.07,1.68187
2025,12,21,15,,3.12,1.41567
2025,12,21,16,,3.05,1.1035
2025,12,21,17,,2.89,1.71307
2025,12,21,18,,2.84,2.43453
2025,12,21,19,,2.9,2.8135
2025,12,21,20,,2.97,3.12243
2025,12,21,21,,2.97,1.88267
2025,12,21,22,,3.0,0.47883
2025,12,21,23,,3.08,0.3237
2025,12,22,0,,3.15,0.27033
2025,12,22,1,,3.24,0.5659
2025,12,22,2,,3.4,0.6003
2025,12,22,3,,3.54,0.27093
2025,12,22,4,,3.59,0.89617
2025,12,22,5,,3.58,0.28437
2025,12,22,6,,3.85,0.7342
2025,12,22,7,,4.74,0.79447
2025,12,22,8,,5.51,2.50247
2025,12,22,9,,6.33,1.69317
2025,12,22,10,,6.95,1.809
2025,12,22,11,,7.37,1.3695
2025,12,22,12,,7.51,1.92117
2025,12,22,13,,7.12,1.7384
2025,12,22,14,,6.31,4.2451
2025,12,22,15,,6.26,2.04603
2025,12,22,16,,6.25,1.4299
2025,12,22,17,,6.36,1.28917
2025,12,22,18,,6.4,1.77867
2025,12,22,19,,6.26,2.78593
2025,12,22,20,,6.25,4.9255
2025,12,22,21,,6.34,3.68437
2025,12,22,22,,6.13,4.1413
2025,12,22,23,,6.01,1.74473
2025,12,23,0,,6.01,0.8472
2025,12,23,1,,5.93,0.70907
2025,12,23,2,,5.66,0.69207
2025,12,23,3,,5.5,0.70237
2025,12,23,4,,5.18,0.7081
2025,12,23,5,,4.98,1.12147
2025,12,23,6,,5.15,0.34517
2025,12,23,7,,6.07,0.5089
2025,12,23,8,,6.31,2.8363
2025,12,23,9,,5.99,1.4764
2025,12,23,10,,5.67,1.52747
2025,12,23,11,,5.43,1.53243
2025,12,23,12,,5.21,0.8441
2025,12,23,13,,4.82,0.77593
2025,12,23,14,,3.93,1.60127
2025,12,23,15,,3.77,1.80747
2025,12,23,16,,3.58,0.8924
2025,12,23,17,,3.3,2.6306
2025,12,23,18,,2.99,3.12667
2025,12,23,19,,2.67,6.488
2025,12,23,20,,2.46,3.24123
2025,12,23,21,,2.33,2.28727
2025,12,23,22,,2.13,1.71427
2025,12,23,23,,1.89,1.73467
2025,12,24,0,,1.78,1.44153
2025,12,24,1,,1.84,1.15663
2025,12,24,2,,1.97,0.2965
2025,12,24,3,,2.0,0.30717
2025,12,24,4,,2.1,0.29693
2025,12,24,5,,2.33,0.29783
2025,12,24,6,,2.49,0.2711
2025,12,24,7,,3.32,0.65657
2025,12,24,8,,3.63,2.39047
2025,12,24,9,,3.45,3.71627
2025,12,24,10,,2.96,1.22723
2025,12,24,11,,2.7,1.95953
2025,12,24,12,,2.96,3.1761
2025,12,24,13,,3.12,1.9641
2025,12,24,14,,3.98,2.4367
2025,12,24,15,,4.68,2.3553
2025,12,24,16,,5.09,1.49573
2025,12,24,17,,5.35,3.99477
2025,12,24,18,,5.35,1.84317
2025,12,24,19,,5.26,1.52397
2025,12,24,20,,5.24,1.54077
2025,12,24,21,,5.32,1.51013
2025,12,24,22,,5.46,1.0148
2025,12,24,23,,5.74,0.7575
2025,12,25,0,,6.18,0.99293
2025,12,25,1,,6.61,0.4524
2025,12,25,2,,6.9,0.32413
2025,12,25,3,,7.31,0.3394
2025,12,25,4,,7.86,0.29787
2025,12,25,5,,7.74,0.27727
2025,12,25,6,,7.58,0.81543
2025,12,25,7,,7.57,0.63393
2025,12,25,8,,7.61,1.6194
2025,12,25,9,,7.91,0.89287
2025,12,25,10,,7.95,2.05173
2025,12,25,11,,8.26,2.51977
2025,12,25,12,,8.57,2.66997
2025,12,25,13,,8.89,3.91583
2025,12,25,14,,9.19,2.47833
2025,12,25,15,,9.55,2.15933
2025,12,25,16,,9.56,2.83777
2025,12,25,17,,9.63,1.38073
2025,12,25,18,,9.52,1.81233
2025,12,25,19,,9.28,2.01873
2025,12,25,20,,9.11,2.86
2025,12,25,21,,8.84,3.00987
2025,12,25,22,,8.59,4.59743
2025,12,25,23,,8.24,3.95867
2025,12,26,0,,7.86,1.43897
2025,12,26,1,,7.51,1.1712
2025,12,26,2,,6.92,1.23473
2025,12,26,3,,6.35,1.26223
2025,12,26,4,,6.0,1.35733
2025,12,26,5,,5.5,1.39583
2025,12,26,6,,5.92,1.34723
2025,12,26,7,,6.54,1.99647
2025,12,26,8,,6.17,2.72507
2025,12,26,9,,5.51,2.4292
2025,12,26,10,,4.98,1.49077
2025,12,26,11,,4.69,1.84787
2025,12,26,12,,4.32,2.61593
2025,12,26,13,,3.72,2.6315
2025,12,26,14,,2.69,3.98107
2025,12,26,15,,2.53,2.90513
2025,12,26,16,,2.48,2.42117
2025,12,26,17,,2.85,3.03077
2025,12,26,18,,3.45,2.47213
2025,12,26,19,,3.96,0.9464
2025,12,26,20,,4.34,0.42187
2025,12,26,21,,4.76,0.37293
2025,12,26,22,,5.23,0.5838
2025,12,26,23,,5.24,0.92507
2025,12,27,0,,5.78,0.29047
2025,12,27,1,,6.37,0.46527
2025,12,27,2,,6.87,0.82903
2025,12,27,3,,7.18,0.2858
2025,12,27,4,,6.87,0.3452
2025,12,27,5,,6.57,0.28673
2025,12,27,6,,6.92,0.3123
2025,12,27,7,,7.83,1.1062
2025,12,27,8,,8.23,1.33203
2025,12,27,9,,8.35,1.27623
2025,12,27,10,,8.39,2.26853
2025,12,27,11,,8.35,1.4566
2025,12,27,12,,8.22,1.29353
2025,12,27,13,,7.9,1.85823
2025,12,27,14,,7.1,1.96
2025,12,27,15,,6.32,2.9449
2025,12,27,16,,5.99,1.7977
2025,12,27,17,,5.55,2.4987
2025,12,27,18,,5.09,3.19693
2025,12,27,19,,4.65,5.1752
2025,12,27,20,,4.3,3.46803
2025,12,27,21,,4.03,2.54573
2025,12,27,22,,3.95,3.4539
2025,12,27,23,,4.1,1.75603
2025,12,28,0,,4.5,0.392
2025,12,28,1,,5.11,0.3524
2025,12,28,2,,5.85,0.31753
2025,12,28,3,,6.75,0.3359
2025,12,28,4,,7.85,0.29403
2025,12,28,5,,8.85,0.3507
2025,12,28,6,,10.62,0.82907
2025,12,28,7,,11.97,0.30567
2025,12,28,8,,12.14,1.15203
2025,12,28,9,,11.0,1.4533
2025,12,28,10,,10.54,2.0935
2025,12,28,11,,10.39,1.64317
2025,12,28,12,,9.91,1.67727
2025,12,28,13,,9.39,1.85293
2025,12,28,14,,7.81,2.46357
2025,12,28,15,,6.1,5.02513
2025,12,28,16,,5.1,5.1378
2025,12,28,17,,4.99,6.33367
2025,12,28,18,,5.23,3.73277
2025,12,28,19,,5.54,2.51987
2025,12,28,20,,6.07,3.18457
2025,12,28,21,,6.22,3.00187
2025,12,28,22,,5.93,3.93273
2025,12,28,23,,5.5,3.50273
2025,12,29,0,,5.13,3.94833
2025,12,29,1,,4.95,2.4356
2025,12,29,2,,5.02,2.49287
2025,12,29,3,,5.2,2.36807
2025,12,29,4,,5.53,1.39887
2025,12,29,5,,5.9,1.37127
2025,12,29,6,,6.54,1.30047
2025,12,29,7,,6.67,1.12197
2025,12,29,8,,6.7,1.68693
2025,12,29,9,,6.04,1.69513
2025,12,29,10,,5.36,3.56727
2025,12,29,11,,4.92,1.8862
2025,12,29,12,,4.75,1.7369
2025,12,29,13,,4.47,2.61627
2025,12,29,14,,4.32,2.1152
2025,12,29,15,,4.87,1.52607
2025,12,29,16,,5.1,2.64987
2025,12,29,17,,5.15,1.60613
2025,12,29,18,,5.22,3.29833
2025,12,29,19,,5.5,5.2267
2025,12,29,20,,5.98,2.42157
2025,12,29,21,,6.37,3.2371
2025,12,29,22,,6.73,2.462
2025,12,29,23,,7.09,0.8135
2025,12,30,0,,7.43,0.5302
2025,12,30,1,,7.77,0.48913
2025,12,30,2,,8.1,0.52437
2025,12,30,3,,8.34,0.49473
2025,12,30,4,,8.75,0.2791
2025,12,30,5,,9.33,0.5093
2025,12,30,6,,10.38,0.614
2025,12,30,7,,11.87,0.27937
2025,12,30,8,,12.68,1.7968
2025,12,30,9,,12.73,1.43697
2025,12,30,10,,12.53,1.36593
2025,12,30,11,,11.9,0.39777
2025,12,30,12,,10.74,1.56213
2025,12,30,13,,10.36,3.049
2025,12,30,14,,9.6,4.1388
2025,12,30,15,,7.29,2.31953
2025,12,30,16,,4.66,2.57193
2025,12,30,17,,5.06,2.5889
2025,12,30,18,,7.79,4.94197
2025,12,30,19,,8.38,2.85207
2025,12,30,20,,7.13,2.77937
2025,12,30,21,,6.28,3.2652
2025,12,30,22,,5.6,2.84
2025,12,30,23,,4.92,1.02203
2025,12,31,0,,4.41,0.327
2025,12,31,1,,4.18,0.30387
2025,12,31,2,,4.29,0.30503
2025,12,31,3,,4.79,0.2886
2025,12,31,4,,5.69,0.31293
2025,12,31,5,,6.11,0.28957
2025,12,31,6,,6.92,0.65037
2025,12,31,7,,7.66,0.67683
2025,12,31,8,,7.79,0.6849
2025,12,31,9,,7.46,1.22023
2025,12,31,10,,6.88,2.13817
2025,12,31,11,,6.2,2.85867
2025,12,31,12,,5.43,3.82317
2025,12,31,13,,4.46,1.50653
2025,12,31,14,,3.22,1.5533
2025,12,31,15,,2.97,1.5956
2025,12,31,16,,2.73,2.34817
2025,12,31,17,,2.62,2.85783
2025,12,31,18,,2.72,3.3441
2025,12,31,19,,3.13,3.12037
2025,12,31,20,,3.67,1.93843
2025,12,31,21,,4.08,1.56833
2025,12,31,22,,4.57,1.61363
2025,12,31,23,,5.1,1.61673
